SET FOREIGN_KEY_CHECKS = 0;
SET NAMES utf8mb4;
-- tb_algorithm DDL
CREATE TABLE `tb_algorithm` (`id` VARCHAR(64) CHARACTER SET utf8mb4 COLLATE utf8mb4_general_ci NOT NULL Comment "ID",
`moduleId` VARCHAR(64) CHARACTER SET utf8mb4 COLLATE utf8mb4_general_ci NULL Comment "模块ID",
`module` VARCHAR(32) CHARACTER SET utf8mb4 COLLATE utf8mb4_general_ci NULL Comment "模块名",
`name` VARCHAR(32) CHARACTER SET utf8mb4 COLLATE utf8mb4_general_ci NULL Comment "算法名称",
`label` VARCHAR(32) CHARACTER SET utf8mb4 COLLATE utf8mb4_general_ci NULL Comment "算法标签",
`dependency` VARCHAR(64) CHARACTER SET utf8mb4 COLLATE utf8mb4_general_ci NULL Comment "算法依赖",
`submodules` VARCHAR(64) CHARACTER SET utf8mb4 COLLATE utf8mb4_general_ci NULL Comment "算法子模块",
`description` VARCHAR(64) CHARACTER SET utf8mb4 COLLATE utf8mb4_general_ci NULL Comment "算法描述",
`createDate` VARCHAR(64) CHARACTER SET utf8mb4 COLLATE utf8mb4_general_ci NULL Comment "创建时间",
`createTime` VARCHAR(64) CHARACTER SET utf8mb4 COLLATE utf8mb4_general_ci NULL Comment "创建时间戳",
PRIMARY KEY (`id`)) ENGINE = InnoDB CHARACTER SET = utf8mb4 COLLATE = utf8mb4_general_ci ROW_FORMAT = Dynamic;
-- tb_complex_config DDL
CREATE TABLE `tb_complex_config` (`id` VARCHAR(36) CHARACTER SET utf8mb4 COLLATE utf8mb4_general_ci NOT NULL Comment "主键ID",
`main_config_id` VARCHAR(36) CHARACTER SET utf8mb4 COLLATE utf8mb4_general_ci NOT NULL Comment "主配置ID",
`config_key` VARCHAR(100) CHARACTER SET utf8mb4 COLLATE utf8mb4_general_ci NOT NULL Comment "配置项键名",
`config_name` VARCHAR(200) CHARACTER SET utf8mb4 COLLATE utf8mb4_general_ci NULL Comment "配置项显示名称",
`config_json` LONGTEXT CHARACTER SET utf8mb4 COLLATE utf8mb4_general_ci NULL Comment "配置项JSON内容",
`config_type` VARCHAR(50) CHARACTER SET utf8mb4 COLLATE utf8mb4_general_ci NOT NULL Comment "配置项类型",
`category` VARCHAR(50) CHARACTER SET utf8mb4 COLLATE utf8mb4_general_ci NULL Comment "配置项分类",
`description` VARCHAR(500) CHARACTER SET utf8mb4 COLLATE utf8mb4_general_ci NULL Comment "配置项描述",
`sort_order` INT(11) NULL DEFAULT 0 Comment "排序序号",
`create_time` DATETIME NOT NULL Comment "创建时间",
`update_time` DATETIME NOT NULL Comment "更新时间",
`create_by` VARCHAR(50) CHARACTER SET utf8mb4 COLLATE utf8mb4_general_ci NULL Comment "创建人",
`update_by` VARCHAR(50) CHARACTER SET utf8mb4 COLLATE utf8mb4_general_ci NULL Comment "更新人",
`status` TINYINT(1) NOT NULL DEFAULT 1 Comment "状态：0-禁用，1-启用",
INDEX `idx_category`(`category` ASC) USING BTREE,
INDEX `idx_config_key`(`config_key` ASC) USING BTREE,
INDEX `idx_main_config_id`(`main_config_id` ASC) USING BTREE,
PRIMARY KEY (`id`)) ENGINE = InnoDB CHARACTER SET = utf8mb4 COLLATE = utf8mb4_general_ci ROW_FORMAT = Dynamic COMMENT = "复杂配置项表";
-- tb_config_item DDL
CREATE TABLE `tb_config_item` (`id` VARCHAR(36) CHARACTER SET utf8mb4 COLLATE utf8mb4_general_ci NOT NULL Comment "主键ID",
`main_config_id` VARCHAR(36) CHARACTER SET utf8mb4 COLLATE utf8mb4_general_ci NOT NULL Comment "主配置ID",
`config_key` VARCHAR(100) CHARACTER SET utf8mb4 COLLATE utf8mb4_general_ci NOT NULL Comment "配置项键名",
`config_name` VARCHAR(200) CHARACTER SET utf8mb4 COLLATE utf8mb4_general_ci NULL Comment "配置项显示名称",
`config_value` TEXT CHARACTER SET utf8mb4 COLLATE utf8mb4_general_ci NULL Comment "配置项值",
`config_type` VARCHAR(50) CHARACTER SET utf8mb4 COLLATE utf8mb4_general_ci NOT NULL Comment "配置项类型",
`category` VARCHAR(50) CHARACTER SET utf8mb4 COLLATE utf8mb4_general_ci NULL Comment "配置项分类",
`description` VARCHAR(500) CHARACTER SET utf8mb4 COLLATE utf8mb4_general_ci NULL Comment "配置项描述",
`is_complex` TINYINT(1) NOT NULL DEFAULT 0 Comment "是否为复杂类型",
`sort_order` INT(11) NULL DEFAULT 0 Comment "排序序号",
`create_time` DATETIME NOT NULL Comment "创建时间",
`update_time` DATETIME NOT NULL Comment "更新时间",
`create_by` VARCHAR(50) CHARACTER SET utf8mb4 COLLATE utf8mb4_general_ci NULL Comment "创建人",
`update_by` VARCHAR(50) CHARACTER SET utf8mb4 COLLATE utf8mb4_general_ci NULL Comment "更新人",
`status` TINYINT(1) NOT NULL DEFAULT 1 Comment "状态：0-禁用，1-启用",
INDEX `idx_category`(`category` ASC) USING BTREE,
INDEX `idx_config_key`(`config_key` ASC) USING BTREE,
INDEX `idx_main_config_id`(`main_config_id` ASC) USING BTREE,
PRIMARY KEY (`id`)) ENGINE = InnoDB CHARACTER SET = utf8mb4 COLLATE = utf8mb4_general_ci ROW_FORMAT = Dynamic COMMENT = "配置项表";
-- tb_config_list_item DDL
CREATE TABLE `tb_config_list_item` (`id` VARCHAR(36) CHARACTER SET utf8mb4 COLLATE utf8mb4_general_ci NOT NULL Comment "主键ID",
`complex_config_id` VARCHAR(36) CHARACTER SET utf8mb4 COLLATE utf8mb4_general_ci NOT NULL Comment "复杂配置ID，关联tb_complex_config表",
`main_config_id` VARCHAR(36) CHARACTER SET utf8mb4 COLLATE utf8mb4_general_ci NOT NULL Comment "主配置ID，关联tb_main_config表",
`list_index` INT(11) NOT NULL Comment "在外层列表中的索引位置",
`sub_list_index` INT(11) NOT NULL Comment "在内层列表中的索引位置",
`item_key` VARCHAR(200) CHARACTER SET utf8mb4 COLLATE utf8mb4_general_ci NULL Comment "配置项键名",
`item_value` TEXT CHARACTER SET utf8mb4 COLLATE utf8mb4_general_ci NULL Comment "配置项值",
`item_type` VARCHAR(50) CHARACTER SET utf8mb4 COLLATE utf8mb4_general_ci NOT NULL Comment "配置项类型",
`item_group` VARCHAR(100) CHARACTER SET utf8mb4 COLLATE utf8mb4_general_ci NULL Comment "配置项分组",
`description` VARCHAR(500) CHARACTER SET utf8mb4 COLLATE utf8mb4_general_ci NULL Comment "配置项描述",
`sort_order` INT(11) NULL DEFAULT 0 Comment "排序序号",
`create_time` DATETIME NOT NULL Comment "创建时间",
`update_time` DATETIME NOT NULL Comment "更新时间",
`create_by` VARCHAR(50) CHARACTER SET utf8mb4 COLLATE utf8mb4_general_ci NULL Comment "创建人",
`update_by` VARCHAR(50) CHARACTER SET utf8mb4 COLLATE utf8mb4_general_ci NULL Comment "更新人",
`status` TINYINT(1) NOT NULL DEFAULT 1 Comment "状态：0-禁用，1-启用",
INDEX `idx_complex_config_id`(`complex_config_id` ASC) USING BTREE,
INDEX `idx_item_group`(`item_group` ASC) USING BTREE,
INDEX `idx_item_key`(`item_key` ASC) USING BTREE,
INDEX `idx_list_index`(`list_index` ASC) USING BTREE,
INDEX `idx_main_config_id`(`main_config_id` ASC) USING BTREE,
INDEX `idx_sub_list_index`(`sub_list_index` ASC) USING BTREE,
PRIMARY KEY (`id`)) ENGINE = InnoDB CHARACTER SET = utf8mb4 COLLATE = utf8mb4_general_ci ROW_FORMAT = Dynamic COMMENT = "配置列表项表";
-- tb_config_parameter DDL
CREATE TABLE `tb_config_parameter` (`id` VARCHAR(36) CHARACTER SET utf8mb4 COLLATE utf8mb4_general_ci NOT NULL Comment "主键ID",
`complex_config_id` VARCHAR(36) CHARACTER SET utf8mb4 COLLATE utf8mb4_general_ci NOT NULL Comment "复杂配置ID，关联tb_complex_config表",
`main_config_id` VARCHAR(36) CHARACTER SET utf8mb4 COLLATE utf8mb4_general_ci NOT NULL Comment "主配置ID，关联tb_main_config表",
`param_key` VARCHAR(200) CHARACTER SET utf8mb4 COLLATE utf8mb4_general_ci NOT NULL Comment "参数键名",
`param_value` TEXT CHARACTER SET utf8mb4 COLLATE utf8mb4_general_ci NULL Comment "参数值",
`param_type` VARCHAR(50) CHARACTER SET utf8mb4 COLLATE utf8mb4_general_ci NOT NULL Comment "参数类型",
`param_group` VARCHAR(100) CHARACTER SET utf8mb4 COLLATE utf8mb4_general_ci NULL Comment "参数分组",
`description` VARCHAR(500) CHARACTER SET utf8mb4 COLLATE utf8mb4_general_ci NULL Comment "参数描述",
`sort_order` INT(11) NULL DEFAULT 0 Comment "排序序号",
`create_time` DATETIME NOT NULL Comment "创建时间",
`update_time` DATETIME NOT NULL Comment "更新时间",
`create_by` VARCHAR(50) CHARACTER SET utf8mb4 COLLATE utf8mb4_general_ci NULL Comment "创建人",
`update_by` VARCHAR(50) CHARACTER SET utf8mb4 COLLATE utf8mb4_general_ci NULL Comment "更新人",
`status` TINYINT(1) NOT NULL DEFAULT 1 Comment "状态：0-禁用，1-启用",
INDEX `idx_complex_config_id`(`complex_config_id` ASC) USING BTREE,
INDEX `idx_main_config_id`(`main_config_id` ASC) USING BTREE,
INDEX `idx_param_group`(`param_group` ASC) USING BTREE,
INDEX `idx_param_key`(`param_key` ASC) USING BTREE,
PRIMARY KEY (`id`)) ENGINE = InnoDB CHARACTER SET = utf8mb4 COLLATE = utf8mb4_general_ci ROW_FORMAT = Dynamic COMMENT = "配置参数表";
-- tb_data_source DDL
CREATE TABLE `tb_data_source` (`id` VARCHAR(64) CHARACTER SET utf8mb4 COLLATE utf8mb4_general_ci NOT NULL Comment "UUID",
`sourceName` VARCHAR(64) CHARACTER SET utf8mb4 COLLATE utf8mb4_general_ci NULL Comment "数据源名称",
`dimension` VARCHAR(32) CHARACTER SET utf8mb4 COLLATE utf8mb4_general_ci NULL Comment "数据源维度",
`sourceType` VARCHAR(32) CHARACTER SET utf8mb4 COLLATE utf8mb4_general_ci NULL Comment "数据源类型(curve)",
`createDate` VARCHAR(64) CHARACTER SET utf8mb4 COLLATE utf8mb4_general_ci NULL Comment "创建时间",
`createTime` VARCHAR(64) CHARACTER SET utf8mb4 COLLATE utf8mb4_general_ci NULL Comment "创建时间戳",
`start` VARCHAR(50) CHARACTER SET utf8mb4 COLLATE utf8mb4_general_ci NULL Comment "频段起始点",
`end` VARCHAR(50) CHARACTER SET utf8mb4 COLLATE utf8mb4_general_ci NULL Comment "频段终止点",
PRIMARY KEY (`id`)) ENGINE = InnoDB CHARACTER SET = utf8mb4 COLLATE = utf8mb4_general_ci ROW_FORMAT = Dynamic;
-- tb_global_param DDL
CREATE TABLE `tb_global_param` (`id` VARCHAR(36) CHARACTER SET utf8mb4 COLLATE utf8mb4_general_ci NOT NULL Comment "主键ID",
`iteration_count` INT(11) NOT NULL DEFAULT 100 Comment "优化迭代次数",
`init_samples` TINYINT(1) NOT NULL DEFAULT 1 Comment "是否初始化样本：false-否，true-是",
`sample_count` INT(11) NOT NULL DEFAULT 50 Comment "初始化样本数量",
`use_weighted_sum` TINYINT(1) NOT NULL DEFAULT 0 Comment "是否使用加权和：false-否，true-是",
`use_max_diff` TINYINT(1) NOT NULL DEFAULT 1 Comment "是否使用最大差距：false-否，true-是",
`create_time` DATETIME NOT NULL Comment "创建时间",
`update_time` DATETIME NOT NULL Comment "更新时间",
`create_by` VARCHAR(50) CHARACTER SET utf8mb4 COLLATE utf8mb4_general_ci NULL Comment "创建人",
`update_by` VARCHAR(50) CHARACTER SET utf8mb4 COLLATE utf8mb4_general_ci NULL Comment "更新人",
`status` TINYINT(1) NOT NULL DEFAULT 1 Comment "状态：0-禁用，1-启用",
INDEX `idx_create_time`(`create_time` ASC) USING BTREE,
INDEX `idx_status`(`status` ASC) USING BTREE,
PRIMARY KEY (`id`)) ENGINE = InnoDB CHARACTER SET = utf8mb4 COLLATE = utf8mb4_general_ci ROW_FORMAT = Dynamic COMMENT = "全局参数配置表";
-- tb_main_config DDL
CREATE TABLE `tb_main_config` (`id` VARCHAR(36) CHARACTER SET utf8mb4 COLLATE utf8mb4_general_ci NOT NULL Comment "主键ID",
`config_name` VARCHAR(100) CHARACTER SET utf8mb4 COLLATE utf8mb4_general_ci NOT NULL Comment "配置名称",
`description` VARCHAR(255) CHARACTER SET utf8mb4 COLLATE utf8mb4_general_ci NULL Comment "配置描述",
`config_json` LONGTEXT CHARACTER SET utf8mb4 COLLATE utf8mb4_general_ci NOT NULL Comment "配置JSON内容",
`create_time` DATETIME NOT NULL Comment "创建时间",
`update_time` DATETIME NOT NULL Comment "更新时间",
`create_by` VARCHAR(50) CHARACTER SET utf8mb4 COLLATE utf8mb4_general_ci NULL Comment "创建人",
`update_by` VARCHAR(50) CHARACTER SET utf8mb4 COLLATE utf8mb4_general_ci NULL Comment "更新人",
`status` TINYINT(1) NOT NULL DEFAULT 1 Comment "状态：0-禁用，1-启用",
UNIQUE INDEX `idx_config_name`(`config_name` ASC) USING BTREE,
PRIMARY KEY (`id`)) ENGINE = InnoDB CHARACTER SET = utf8mb4 COLLATE = utf8mb4_general_ci ROW_FORMAT = Dynamic COMMENT = "主配置表";
-- tb_menu DDL
CREATE TABLE `tb_menu` (`id` VARCHAR(64) CHARACTER SET utf8mb4 COLLATE utf8mb4_general_ci NOT NULL Comment "UUID",
`type` VARCHAR(32) CHARACTER SET utf8mb4 COLLATE utf8mb4_general_ci NULL Comment "类型：menu(菜单)/item(菜单项)",
`parentId` VARCHAR(64) CHARACTER SET utf8mb4 COLLATE utf8mb4_general_ci NULL Comment "父级菜单ID，顶级菜单为NULL",
`title` VARCHAR(64) CHARACTER SET utf8mb4 COLLATE utf8mb4_general_ci NULL Comment "菜单标题",
`icon` VARCHAR(64) CHARACTER SET utf8mb4 COLLATE utf8mb4_general_ci NULL Comment "‘图标类名（如：User，Monitor）",
`routeKey` VARCHAR(64) CHARACTER SET utf8mb4 COLLATE utf8mb4_general_ci NULL Comment "路由key（如果是叶子节点）",
`level` VARCHAR(16) CHARACTER SET utf8mb4 COLLATE utf8mb4_general_ci NOT NULL Comment "级别（1：目录，2：二级菜单，3：三级菜单）",
`sortOrder` VARCHAR(8) CHARACTER SET utf8mb4 COLLATE utf8mb4_general_ci NULL Comment "排序权重",
`status` VARCHAR(2) CHARACTER SET utf8mb4 COLLATE utf8mb4_general_ci NULL Comment "状态：0-禁用，1-启用",
`createDate` VARCHAR(64) CHARACTER SET utf8mb4 COLLATE utf8mb4_general_ci NULL Comment "创建时间",
`createTime` VARCHAR(64) CHARACTER SET utf8mb4 COLLATE utf8mb4_general_ci NULL Comment "创建时间戳",
PRIMARY KEY (`id`)) ENGINE = InnoDB CHARACTER SET = utf8mb4 COLLATE = utf8mb4_general_ci ROW_FORMAT = Dynamic COMMENT = "菜单表";
-- tb_menu_item DDL
CREATE TABLE `tb_menu_item` (`id` VARCHAR(64) CHARACTER SET utf8mb4 COLLATE utf8mb4_general_ci NULL Comment "uuid",
`name` VARCHAR(32) CHARACTER SET utf8mb4 COLLATE utf8mb4_general_ci NULL Comment "菜单项名称",
`value` VARCHAR(32) CHARACTER SET utf8mb4 COLLATE utf8mb4_general_ci NULL Comment "菜单项值",
`parentId` VARCHAR(64) CHARACTER SET utf8mb4 COLLATE utf8mb4_general_ci NULL Comment "菜单ID",
`parentName` VARCHAR(32) CHARACTER SET utf8mb4 COLLATE utf8mb4_general_ci NULL Comment "菜单名称",
`createDate` VARCHAR(64) CHARACTER SET utf8mb4 COLLATE utf8mb4_general_ci NULL Comment "创建时间",
`createTime` VARCHAR(64) CHARACTER SET utf8mb4 COLLATE utf8mb4_general_ci NULL Comment "创建时间戳") ENGINE = InnoDB CHARACTER SET = utf8mb4 COLLATE = utf8mb4_general_ci ROW_FORMAT = Dynamic COMMENT = "菜单项列表";
-- tb_menu_item_role DDL
CREATE TABLE `tb_menu_item_role` (`id` VARCHAR(64) CHARACTER SET utf8mb4 COLLATE utf8mb4_general_ci NULL Comment "uuid",
`menuItemId` VARCHAR(64) CHARACTER SET utf8mb4 COLLATE utf8mb4_general_ci NULL Comment "菜单项ID",
`role` VARCHAR(16) CHARACTER SET utf8mb4 COLLATE utf8mb4_general_ci NULL Comment "角色") ENGINE = InnoDB CHARACTER SET = utf8mb4 COLLATE = utf8mb4_general_ci ROW_FORMAT = Dynamic COMMENT = "菜单项角色表";
-- tb_menu_role DDL
CREATE TABLE `tb_menu_role` (`id` VARCHAR(64) CHARACTER SET utf8mb4 COLLATE utf8mb4_general_ci NULL Comment "uuid",
`menuId` VARCHAR(64) CHARACTER SET utf8mb4 COLLATE utf8mb4_general_ci NOT NULL Comment "菜单ID（对应 tb_menu.id）",
`role` VARCHAR(32) CHARACTER SET utf8mb4 COLLATE utf8mb4_general_ci NOT NULL Comment "角色标识（如 ADMIN、USER）",
PRIMARY KEY (`menuId`,
`role`)) ENGINE = InnoDB CHARACTER SET = utf8mb4 COLLATE = utf8mb4_general_ci ROW_FORMAT = Dynamic COMMENT = "菜单-角色关联表";
-- tb_module DDL
CREATE TABLE `tb_module` (`id` VARCHAR(64) CHARACTER SET utf8mb4 COLLATE utf8mb4_general_ci NOT NULL Comment "ID",
`name` VARCHAR(64) CHARACTER SET utf8mb4 COLLATE utf8mb4_general_ci NULL Comment "模块名",
`label` VARCHAR(64) CHARACTER SET utf8mb4 COLLATE utf8mb4_general_ci NULL Comment "模块标签",
`description` VARCHAR(64) CHARACTER SET utf8mb4 COLLATE utf8mb4_general_ci NULL Comment "模块描述信息",
`algorithms` TEXT CHARACTER SET utf8mb4 COLLATE utf8mb4_general_ci NULL Comment "算法列表(逗号隔开)",
`color` VARCHAR(32) CHARACTER SET utf8mb4 COLLATE utf8mb4_general_ci NULL Comment "前端面板颜色（可选）",
`subModules` TEXT CHARACTER SET utf8mb4 COLLATE utf8mb4_general_ci NULL Comment "子模块（逗号隔开）",
`selectedAlgorithmLabel` VARCHAR(64) CHARACTER SET utf8mb4 COLLATE utf8mb4_general_ci NULL Comment "选中的算法标签",
`paramLabel` VARCHAR(64) CHARACTER SET utf8mb4 COLLATE utf8mb4_general_ci NULL Comment "参数的标签",
`showAlgorithms` VARCHAR(64) CHARACTER SET utf8mb4 COLLATE utf8mb4_general_ci NULL Comment "是否显示算法列表",
`dependency` VARCHAR(64) CHARACTER SET utf8mb4 COLLATE utf8mb4_general_ci NULL Comment "算法依赖",
`createDate` VARCHAR(64) CHARACTER SET utf8mb4 COLLATE utf8mb4_general_ci NULL Comment "创建时间",
`createTime` VARCHAR(64) CHARACTER SET utf8mb4 COLLATE utf8mb4_general_ci NULL Comment "创建时间戳",
PRIMARY KEY (`id`)) ENGINE = InnoDB CHARACTER SET = utf8mb4 COLLATE = utf8mb4_general_ci ROW_FORMAT = Dynamic;
-- tb_optimization_target DDL
CREATE TABLE `tb_optimization_target` (`id` VARCHAR(64) CHARACTER SET utf8mb4 COLLATE utf8mb4_general_ci NOT NULL Comment "UUID",
`name` VARCHAR(64) CHARACTER SET utf8mb4 COLLATE utf8mb4_general_ci NULL Comment "名称",
`scalarName` VARCHAR(32) CHARACTER SET utf8mb4 COLLATE utf8mb4_general_ci NULL Comment "标量名称",
`optimizationDirection` VARCHAR(32) CHARACTER SET utf8mb4 COLLATE utf8mb4_general_ci NULL Comment "优化方向",
`weight` VARCHAR(16) CHARACTER SET utf8mb4 COLLATE utf8mb4_general_ci NULL Comment "权重",
`robustObject` VARCHAR(2) CHARACTER SET utf8mb4 COLLATE utf8mb4_general_ci NULL Comment "是否作为鲁棒性对象",
`createDate` VARCHAR(64) CHARACTER SET utf8mb4 COLLATE utf8mb4_general_ci NULL Comment "创建时间",
`createTime` VARCHAR(64) CHARACTER SET utf8mb4 COLLATE utf8mb4_general_ci NULL Comment "创建时间戳",
PRIMARY KEY (`id`)) ENGINE = InnoDB CHARACTER SET = utf8mb4 COLLATE = utf8mb4_general_ci ROW_FORMAT = Dynamic;
-- tb_optimize_variable DDL
CREATE TABLE `tb_optimize_variable` (`id` VARCHAR(50) CHARACTER SET utf8mb4 COLLATE utf8mb4_general_ci NOT NULL Comment "主键ID",
`operation_type` VARCHAR(50) CHARACTER SET utf8mb4 COLLATE utf8mb4_general_ci NOT NULL Comment "操作类型：param_optimization 或 constraint_area",
`operation_type_name` VARCHAR(100) CHARACTER SET utf8mb4 COLLATE utf8mb4_general_ci NULL Comment "操作类型名称",
`variable_name` VARCHAR(100) CHARACTER SET utf8mb4 COLLATE utf8mb4_general_ci NULL Comment "变量名（参数优化使用）",
`range_min` VARCHAR(50) CHARACTER SET utf8mb4 COLLATE utf8mb4_general_ci NULL Comment "范围最小值（参数优化使用）",
`range_max` VARCHAR(50) CHARACTER SET utf8mb4 COLLATE utf8mb4_general_ci NULL Comment "范围最大值（参数优化使用）",
`quantization` VARCHAR(50) CHARACTER SET utf8mb4 COLLATE utf8mb4_general_ci NULL Comment "量化方式（参数优化使用）",
`distribution` VARCHAR(50) CHARACTER SET utf8mb4 COLLATE utf8mb4_general_ci NULL Comment "分布类型（参数优化使用）",
`constraint` VARCHAR(500) CHARACTER SET utf8mb4 COLLATE utf8mb4_general_ci NULL Comment "约束条件（约束条件使用）",
`operator` VARCHAR(50) CHARACTER SET utf8mb4 COLLATE utf8mb4_general_ci NULL Comment "操作符（约束条件使用）",
`create_date` VARCHAR(20) CHARACTER SET utf8mb4 COLLATE utf8mb4_general_ci NULL Comment "创建日期",
`create_time` VARCHAR(30) CHARACTER SET utf8mb4 COLLATE utf8mb4_general_ci NULL Comment "创建时间",
`update_time` VARCHAR(30) CHARACTER SET utf8mb4 COLLATE utf8mb4_general_ci NULL Comment "更新时间",
INDEX `idx_operation_type`(`operation_type` ASC) USING BTREE,
PRIMARY KEY (`id`)) ENGINE = InnoDB CHARACTER SET = utf8mb4 COLLATE = utf8mb4_general_ci ROW_FORMAT = Dynamic COMMENT = "优化变量表";
-- tb_param DDL
CREATE TABLE `tb_param` (`id` VARCHAR(64) CHARACTER SET utf8mb4 COLLATE utf8mb4_general_ci NOT NULL Comment "ID",
`algorithmId` VARCHAR(64) CHARACTER SET utf8mb4 COLLATE utf8mb4_general_ci NULL Comment "算法ID",
`algorithm` VARCHAR(32) CHARACTER SET utf8mb4 COLLATE utf8mb4_general_ci NOT NULL Comment "算法",
`paramLabel` VARCHAR(32) CHARACTER SET utf8mb4 COLLATE utf8mb4_general_ci NOT NULL Comment "标签标签",
`paramName` VARCHAR(64) CHARACTER SET utf8mb4 COLLATE utf8mb4_general_ci NOT NULL Comment "参数名",
`paramValue` VARCHAR(32) CHARACTER SET utf8mb4 COLLATE utf8mb4_general_ci NOT NULL Comment "参数值",
`paramType` VARCHAR(32) CHARACTER SET utf8mb4 COLLATE utf8mb4_general_ci NOT NULL Comment "参数类型",
`paramDefault` VARCHAR(32) CHARACTER SET utf8mb4 COLLATE utf8mb4_general_ci NOT NULL Comment "参数默认值",
`paramOption` TEXT CHARACTER SET utf8mb4 COLLATE utf8mb4_general_ci NULL Comment "参数选项（参数类型为enum）",
`minValue` VARCHAR(32) CHARACTER SET utf8mb4 COLLATE utf8mb4_general_ci NULL Comment "最小值",
`maxValue` VARCHAR(32) CHARACTER SET utf8mb4 COLLATE utf8mb4_general_ci NULL Comment "最大值",
`ref` VARCHAR(32) CHARACTER SET utf8mb4 COLLATE utf8mb4_general_ci NULL Comment "引用",
`clickHandler` VARCHAR(64) CHARACTER SET utf8mb4 COLLATE utf8mb4_general_ci NULL Comment "回调函数",
`decimals` VARCHAR(16) CHARACTER SET utf8mb4 COLLATE utf8mb4_general_ci NULL Comment "小数点后N位",
`createDate` VARCHAR(32) CHARACTER SET utf8mb4 COLLATE utf8mb4_general_ci NOT NULL Comment "创建时间",
`createTime` VARCHAR(32) CHARACTER SET utf8mb4 COLLATE utf8mb4_general_ci NOT NULL Comment "创建时间戳",
INDEX `module_index`(`algorithm` ASC) USING BTREE,
PRIMARY KEY (`id`)) ENGINE = InnoDB CHARACTER SET = utf8mb4 COLLATE = utf8mb4_general_ci ROW_FORMAT = Dynamic;
-- tb_robust_analysis DDL
CREATE TABLE `tb_robust_analysis` (`id` VARCHAR(64) CHARACTER SET utf8mb4 COLLATE utf8mb4_general_ci NOT NULL Comment "UUID",
`name` VARCHAR(64) CHARACTER SET utf8mb4 COLLATE utf8mb4_general_ci NULL Comment "名称",
`scalarName` VARCHAR(64) CHARACTER SET utf8mb4 COLLATE utf8mb4_general_ci NULL Comment "标量名称",
`varianceAnalysis` VARCHAR(2) CHARACTER SET utf8mb4 COLLATE utf8mb4_general_ci NULL Comment "是否需要对该标量进行方差分析（0：不需要，1：需要）",
`qualityAnalysis` VARCHAR(2) CHARACTER SET utf8mb4 COLLATE utf8mb4_general_ci NULL Comment "是否需要对该标量进行良品率分析（0：不需要，1：需要）",
`sensitivityAnalysis` VARCHAR(2) CHARACTER SET utf8mb4 COLLATE utf8mb4_general_ci NULL Comment "是否需要对该标量进行敏感性分析（0：不需要，1：需要）",
`topK` VARCHAR(16) CHARACTER SET utf8mb4 COLLATE utf8mb4_general_ci NULL Comment "敏感参数TopK",
`createDate` VARCHAR(64) CHARACTER SET utf8mb4 COLLATE utf8mb4_general_ci NULL Comment "创建时间",
`createTime` VARCHAR(64) CHARACTER SET utf8mb4 COLLATE utf8mb4_general_ci NULL Comment "创建时间戳",
PRIMARY KEY (`id`)) ENGINE = InnoDB CHARACTER SET = utf8mb4 COLLATE = utf8mb4_general_ci ROW_FORMAT = Dynamic;
-- tb_scalar DDL
CREATE TABLE `tb_scalar` (`id` VARCHAR(64) CHARACTER SET utf8mb4 COLLATE utf8mb4_general_ci NOT NULL,
`scalarName` VARCHAR(64) CHARACTER SET utf8mb4 COLLATE utf8mb4_general_ci NULL Comment "标量名称",
`scalarType` VARCHAR(64) CHARACTER SET utf8mb4 COLLATE utf8mb4_general_ci NULL Comment "标量类型（dataSource | expression）",
`dataSourceId` VARCHAR(64) CHARACTER SET utf8mb4 COLLATE utf8mb4_general_ci NULL Comment "数据源ID",
`dataSourceName` VARCHAR(64) CHARACTER SET utf8mb4 COLLATE utf8mb4_general_ci NULL Comment "数据源名称",
`start` VARCHAR(32) CHARACTER SET utf8mb4 COLLATE utf8mb4_general_ci NULL Comment "频段起始点",
`end` VARCHAR(32) CHARACTER SET utf8mb4 COLLATE utf8mb4_general_ci NULL Comment "频段终止点",
`operator` VARCHAR(64) CHARACTER SET utf8mb4 COLLATE utf8mb4_general_ci NULL Comment "操作符",
`bandwidth` VARCHAR(32) CHARACTER SET utf8mb4 COLLATE utf8mb4_general_ci NULL Comment "带宽阈值",
`expression` TEXT CHARACTER SET utf8mb4 COLLATE utf8mb4_general_ci NULL Comment "表达式",
`createDate` VARCHAR(64) CHARACTER SET utf8mb4 COLLATE utf8mb4_general_ci NULL Comment "创建时间",
`createTime` VARCHAR(64) CHARACTER SET utf8mb4 COLLATE utf8mb4_general_ci NULL Comment "创建时间戳",
`minHorizontalDistance` DOUBLE NULL Comment "最小水平距离",
`minProminence` DOUBLE NULL Comment "最小突出度",
PRIMARY KEY (`id`)) ENGINE = InnoDB CHARACTER SET = utf8mb4 COLLATE = utf8mb4_general_ci ROW_FORMAT = Dynamic;
-- tb_scalar_datasource DDL
CREATE TABLE `tb_scalar_datasource` (`id` VARCHAR(64) CHARACTER SET utf8mb4 COLLATE utf8mb4_general_ci NOT NULL Comment "UUID",
`scalarName` VARCHAR(64) CHARACTER SET utf8mb4 COLLATE utf8mb4_general_ci NULL Comment "标量名称",
`datasourceId` VARCHAR(64) CHARACTER SET utf8mb4 COLLATE utf8mb4_general_ci NULL Comment "优化方向",
`start` VARCHAR(16) CHARACTER SET utf8mb4 COLLATE utf8mb4_general_ci NULL Comment "数据源起始位置",
`end` VARCHAR(16) CHARACTER SET utf8mb4 COLLATE utf8mb4_general_ci NULL Comment "数据源终止位置",
`bandwidth` VARCHAR(16) CHARACTER SET utf8mb4 COLLATE utf8mb4_general_ci NULL Comment "带宽要求",
`createDate` VARCHAR(64) CHARACTER SET utf8mb4 COLLATE utf8mb4_general_ci NULL Comment "开始时间",
`createTime` VARCHAR(64) CHARACTER SET utf8mb4 COLLATE utf8mb4_general_ci NULL Comment "开始时间戳",
PRIMARY KEY (`id`)) ENGINE = InnoDB CHARACTER SET = utf8mb4 COLLATE = utf8mb4_general_ci ROW_FORMAT = Dynamic;
-- tb_scalar_expression DDL
CREATE TABLE `tb_scalar_expression` (`id` VARCHAR(64) CHARACTER SET utf8mb4 COLLATE utf8mb4_general_ci NOT NULL Comment "UUID",
`scalarName` VARCHAR(64) CHARACTER SET utf8mb4 COLLATE utf8mb4_general_ci NULL Comment "标量名称",
`expression` TEXT CHARACTER SET utf8mb4 COLLATE utf8mb4_general_ci NULL Comment "表达式",
`createDate` VARCHAR(64) CHARACTER SET utf8mb4 COLLATE utf8mb4_general_ci NULL Comment "创建时间",
`createTime` VARCHAR(64) CHARACTER SET utf8mb4 COLLATE utf8mb4_general_ci NULL Comment "创建时间戳",
PRIMARY KEY (`id`)) ENGINE = InnoDB CHARACTER SET = utf8mb4 COLLATE = utf8mb4_general_ci ROW_FORMAT = Dynamic;
-- tb_station DDL
CREATE TABLE `tb_station` (`id` BIGINT(20) NOT NULL AUTO_INCREMENT,
`ip` VARCHAR(32) CHARACTER SET utf8mb4 COLLATE utf8mb4_general_ci NULL Comment "IP",
`status` VARCHAR(32) CHARACTER SET utf8mb4 COLLATE utf8mb4_general_ci NULL Comment "状态（空闲：free、使用中：inUse、维护中：underMaintenance）",
`useName` VARCHAR(64) CHARACTER SET utf8mb4 COLLATE utf8mb4_general_ci NULL Comment "使用人",
`startTime` VARCHAR(64) CHARACTER SET utf8mb4 COLLATE utf8mb4_general_ci NULL Comment "开始使用时间",
`createDate` VARCHAR(64) CHARACTER SET utf8mb4 COLLATE utf8mb4_general_ci NULL Comment "创建时间",
`createTime` VARCHAR(64) CHARACTER SET utf8mb4 COLLATE utf8mb4_general_ci NULL Comment "创建时间戳",
PRIMARY KEY (`id`)) ENGINE = InnoDB CHARACTER SET = utf8mb4 COLLATE = utf8mb4_general_ci AUTO_INCREMENT = 9 ROW_FORMAT = Dynamic COMMENT = "工作站表";
-- tb_user DDL
CREATE TABLE `tb_user` (`id` VARCHAR(64) CHARACTER SET utf8mb4 COLLATE utf8mb4_general_ci NULL Comment "uuid",
`name` VARCHAR(64) CHARACTER SET utf8mb4 COLLATE utf8mb4_general_ci NULL Comment "姓名",
`workId` VARCHAR(32) CHARACTER SET utf8mb4 COLLATE utf8mb4_general_ci NULL Comment "工号",
`username` VARCHAR(64) CHARACTER SET utf8mb4 COLLATE utf8mb4_general_ci NULL Comment "用户名",
`password` VARCHAR(64) CHARACTER SET utf8mb4 COLLATE utf8mb4_general_ci NULL Comment "密码",
`role` VARCHAR(32) CHARACTER SET utf8mb4 COLLATE utf8mb4_general_ci NULL Comment "角色",
`status` VARCHAR(8) CHARACTER SET utf8mb4 COLLATE utf8mb4_general_ci NULL Comment "状态（0：禁止，1：启动）",
`workstationNum` VARCHAR(8) CHARACTER SET utf8mb4 COLLATE utf8mb4_general_ci NULL Comment "工作站数",
`lastTime` VARCHAR(64) CHARACTER SET utf8mb4 COLLATE utf8mb4_general_ci NULL Comment "上一次登录时间",
`createDate` VARCHAR(64) CHARACTER SET utf8mb4 COLLATE utf8mb4_general_ci NULL Comment "创建时间",
`createTime` VARCHAR(64) CHARACTER SET utf8mb4 COLLATE utf8mb4_general_ci NULL Comment "创建时间戳") ENGINE = InnoDB CHARACTER SET = utf8mb4 COLLATE = utf8mb4_general_ci ROW_FORMAT = Dynamic COMMENT = "用户表";
-- tb_algorithm DML
INSERT INTO `tb_algorithm` (`id`,`moduleId`,`module`,`name`,`label`,`dependency`,`submodules`,`description`,`createDate`,`createTime`) VALUES ('001','001','OptimizationMethod','StableBacchusAda_new','自适应网格搜索算法','is_discrete_sampling',NULL,NULL,'2025-06-05 15:51:53','1749109913'),('002','001','OptimizationMethod','SimulatedAnnealing','模拟退火','using_continuous_algos',NULL,NULL,'2025-06-05 15:51:53','1749109913'),('003','001','OptimizationMethod','SurrogateEmoGA','遗传迭代优化算法','using_continuous_algos',NULL,NULL,'2025-06-05 15:51:53','1749109913'),('004','001','OptimizationMethod','KnowledgeInjection','专家方案注入',NULL,NULL,NULL,'2025-06-05 15:51:53','1749109913'),('005','002','SurrogateMethod','TopK',NULL,'has_fragment',NULL,NULL,'2025-06-05 15:51:53','1749109913'),('006','002','SurrogateMethod','ConstraintTopK',NULL,'using_continuous_algos',NULL,NULL,'2025-06-05 15:51:53','1749109913'),('007','002','SurrogateMethod','ConstraintTopKIntervalN',NULL,'using_continuous_algos',NULL,NULL,'2025-06-05 15:51:53','1749109913'),('008',NULL,'using_continuous_algos','ConstraintTopKSoftmax',NULL,'using_continuous_algos',NULL,NULL,'2025-06-05 15:51:53','1749109913'),('009','003','Predictor','LightningKEP',NULL,NULL,'LightningModel',NULL,'2025-06-05 15:51:53','1749109913'),('010','003','Predictor','KEFormer',NULL,NULL,NULL,NULL,'2025-06-05 15:51:53','1749109913'),('011','004','LightningModel','LightningResNet',NULL,NULL,NULL,NULL,'2025-06-05 15:51:53','1749109913'),('012','004','LightningModel','LightningGoogleNet',NULL,NULL,NULL,NULL,'2025-06-05 15:51:53','1749109913'),('013','005','DataSourceSettings','DataSourceSettings',NULL,NULL,NULL,NULL,'2025-06-05 15:51:53','1749109913'),('014','006','ScalarSettingsCombined','ScalarSettingsCombined',NULL,NULL,NULL,NULL,'2025-06-05 15:51:53','1749109913'),('015','007','ScalarFromDataSource','ScalarFromDataSource',NULL,NULL,NULL,NULL,'2025-06-05 15:51:53','1749109913'),('016','008','ScalarFromExpression','ScalarFromExpression',NULL,NULL,NULL,NULL,'2025-06-05 15:51:53','1749109913'),('017','009','TargetSettings','TargetSettings',NULL,NULL,NULL,NULL,'2025-06-05 15:51:53','1749109913'),('018','010','RobustAnalysisSettings','RobustAnalysisSettings',NULL,NULL,NULL,NULL,'2025-06-05 15:51:53','1749109913'),('1937065311452364802',NULL,'5edd11d008144b8080d24d1d1c438c8c','测试101','测试101',NULL,NULL,NULL,'2025-06-23 16:28:53','1750667333'),('1937065408609222657',NULL,'5edd11d008144b8080d24d1d1c438c8c','测试111','测试111',NULL,NULL,NULL,'2025-06-23 16:29:17','1750667357'),('1937070129533255682',NULL,'5edd11d008144b8080d24d1d1c438c8c','呃呃呃','呃呃呃',NULL,NULL,NULL,'2025-06-23 16:48:02','1750668482'),('68970d97cbb8469fb81bfccc61a9cd02','30b4628f63ee4777a7a26821d8dc6ad7',NULL,'321','321',NULL,NULL,NULL,'2025-06-25 17:52:34','1750845154'),('71445f9a89f84319a978ee70eccbe706','e2a50ca8409d4cc7bd5e1961e278d403',NULL,'ttthhhh','ttthhhh',NULL,NULL,NULL,'2025-06-25 17:56:07','1750845367'),('8c86f16dcdf64c6eae514804af54e33a','21c9e681c2da4e308d3b71e495d6716e',NULL,'算法1','算法1——标签',NULL,NULL,NULL,'2025-06-25 16:55:01','1750841701'),('be73f702ec7f400485e9d7269dac938d','2a508fe0342a4cc5802927fb02ab0602',NULL,'ContinuousSample','ContinuousSample',NULL,NULL,NULL,'2025-08-05 18:42:08','1754390528'),('cc84f83b31b8463086624b03370f5aec','5edd11d008144b8080d24d1d1c438c8c',NULL,'测试101','1111',NULL,NULL,NULL,'2025-06-23 16:49:39','1750668579'),('dbe98a2aab294bc2bb3bc0628c01a6e1','0ccb479fae7048b28349c1cc8b8e11c3',NULL,'global_no_algorithm','global_no_algorithm',NULL,NULL,NULL,'2025-07-17 11:03:25','1752721405'),('f2b15a6f52044df0bdd2538360ba5cc8','2a508fe0342a4cc5802927fb02ab0602',NULL,'LayerSample','LayerSample',NULL,NULL,NULL,'2025-08-05 15:06:16','1754377576');
-- tb_complex_config DML
INSERT INTO `tb_complex_config` (`id`,`main_config_id`,`config_key`,`config_name`,`config_json`,`config_type`,`category`,`description`,`sort_order`,`create_time`,`update_time`,`create_by`,`update_by`,`status`) VALUES ('301d112c-a249-4392-8ac5-a1f628ba3082','main_config_1753582925721','cellNumList','cell Num List','{"value":[{"value":[{"value":32,"type":"int"},{"value":32,"type":"int"}],"type":"list"}],"type":"list"}','String','通用配置',NULL,84,'2025-07-27 10:22:16','2025-07-27 10:22:16','system','system',1),('39d069ab-111c-4d12-9269-f41659a8c4fc','main_config_1753582925721','constraintList','constraint List','{"value":[{"value":"m_DGS - l_DGS - 2*W_DGS -4>0","type":"str"},{"value":"2*n_DGS + 4*W_DGS + D_DGS -100<0","type":"str"}],"type":"list"}','String','通用配置',NULL,94,'2025-07-27 10:22:24','2025-07-27 10:22:24','system','system',1),('5466b4df-de11-4f85-8f4d-1904b74b2e47','main_config_1753582925721','conf','conf','{"value":[[{"value":"auto_resume","type":"str"},{"value":true,"type":"bool"}],[{"value":"target","type":"str"},{"value":[[{"value":"s21te0_g1","type":"str"},{"value":[[{"value":"function_name","type":"str"},{"value":"target1","type":"str"}],[{"value":"frequency_range","type":"str"},{"value":[{"value":1,"type":"float"},{"value":2,"type":"float"}],"type":"list"}],[{"value":"optimize_type","type":"str"},{"value":"maxmin","type":"str"}],[{"value":"predict_method","type":"str"},{"value":1001,"type":"int"}],[{"value":"expected_value","type":"str"},{"value":-0.2,"type":"float"}]],"type":"advanced_dict"}]],"type":"advanced_dict"}]],"type":"advanced_dict"}','String','通用配置',NULL,4,'2025-07-27 10:22:07','2025-07-27 10:22:07','system','system',1),('5dae572c-7a8e-495e-a04b-7951c72eea04','main_config_1753582925721','targetEditorDict','target Editor Dict','{"value":[[{"value":"data_source","type":"str"},{"value":[{"value":[[{"value":"source_id","type":"str"},{"value":1,"type":"int"}],[{"value":"id","type":"str"},{"value":"target1","type":"str"}],[{"value":"data_source_type","type":"str"},{"value":"curve","type":"str"}],[{"value":"name","type":"str"},{"value":"1D Results\\\\S-Parameters\\\\S2,1","type":"str"}],[{"value":"data_dimension","type":"str"},{"value":1001,"type":"int"}],[{"value":"start_point","type":"str"},{"value":0,"type":"int"}],[{"value":"end_point","type":"str"},{"value":1001,"type":"int"}]],"type":"advanced_dict"}],"type":"list"}],[{"value":"scalars","type":"str"},{"value":[{"value":[[{"value":"scalar_id","type":"str"},{"value":1,"type":"int"}],[{"value":"name","type":"str"},{"value":"A","type":"str"}],[{"value":"type","type":"str"},{"value":"from_curve","type":"str"}],[{"value":"operator","type":"str"},{"value":"Min","type":"str"}],[{"value":"frequency_range","type":"str"},{"value":[{"value":28.5,"type":"float"},{"value":31.5,"type":"float"}],"type":"list"}],[{"value":"bw_base","type":"str"},{"value":"None","type":"NoneType"}],[{"value":"source_info","type":"str"},{"value":[[{"value":"source_id","type":"str"},{"value":1,"type":"int"}],[{"value":"id","type":"str"},{"value":"target1","type":"str"}],[{"value":"data_source_type","type":"str"},{"value":"curve","type":"str"}],[{"value":"name","type":"str"},{"value":"1D Results\\\\S-Parameters\\\\S2,1","type":"str"}],[{"value":"data_dimension","type":"str"},{"value":1001,"type":"int"}],[{"value":"start_point","type":"str"},{"value":0,"type":"int"}],[{"value":"end_point","type":"str"},{"value":1001,"type":"int"}]],"type":"advanced_dict"}]],"type":"advanced_dict"}],"type":"list"}],[{"value":"targets","type":"str"},{"value":[{"value":[[{"value":"target_id","type":"str"},{"value":1,"type":"int"}],[{"value":"operator","type":"str"},{"value":"Minimize","type":"str"}],[{"value":"goal","type":"str"},{"value":-15,"type":"float"}],[{"value":"weight","type":"str"},{"value":1,"type":"float"}],[{"value":"using_robust_optimization","type":"str"},{"value":false,"type":"bool"}],[{"value":"scalar","type":"str"},{"value":[[{"value":"scalar_id","type":"str"},{"value":1,"type":"int"}],[{"value":"name","type":"str"},{"value":"A","type":"str"}],[{"value":"type","type":"str"},{"value":"from_curve","type":"str"}],[{"value":"operator","type":"str"},{"value":"Min","type":"str"}],[{"value":"frequency_range","type":"str"},{"value":[{"value":28.5,"type":"float"},{"value":31.5,"type":"float"}],"type":"list"}],[{"value":"bw_base","type":"str"},{"value":"None","type":"NoneType"}],[{"value":"source_info","type":"str"},{"value":[[{"value":"source_id","type":"str"},{"value":1,"type":"int"}],[{"value":"id","type":"str"},{"value":"target1","type":"str"}],[{"value":"data_source_type","type":"str"},{"value":"curve","type":"str"}],[{"value":"name","type":"str"},{"value":"1D Results\\\\S-Parameters\\\\S2,1","type":"str"}],[{"value":"data_dimension","type":"str"},{"value":1001,"type":"int"}],[{"value":"start_point","type":"str"},{"value":0,"type":"int"}],[{"value":"end_point","type":"str"},{"value":1001,"type":"int"}]],"type":"advanced_dict"}]],"type":"advanced_dict"}]],"type":"advanced_dict"}],"type":"list"}],[{"value":"robust_analyses","type":"str"},{"value":[],"type":"list"}]],"type":"advanced_dict"}','String','通用配置',NULL,96,'2025-07-27 10:22:29','2025-07-27 10:22:29','system','system',1),('70f1646a-1621-48d0-bb26-68be429e64bb','main_config_1753582925721','samplerSequenceConfig','sampler Sequence Config','{"value":[],"type":"list"}','String','通用配置',NULL,22,'2025-07-27 10:22:09','2025-07-27 10:22:09','system','system',1),('79fa865e-8532-4415-90dc-7b1fd8946f21','main_config_1753582925721','globalParam','global Param','{"value":[[{"value":"optimization_iter_n","type":"str"},{"value":100,"type":"int"}],[{"value":"initialize_data","type":"str"},{"value":false,"type":"bool"}],[{"value":"initial_sample_number","type":"str"},{"value":100,"type":"int"}],[{"value":"using_soft_distance_target","type":"str"},{"value":true,"type":"bool"}],[{"value":"using_distance_target","type":"str"},{"value":true,"type":"bool"}]],"type":"advanced_dict"}','String','通用配置',NULL,86,'2025-07-27 10:22:16','2025-07-27 10:22:16','system','system',1),('7d396ad5-afd7-471f-8d35-d8acb8d9e862','main_config_1753582925721','variableDict','variable Dict','{"value":[[{"value":"Lower","type":"str"},{"value":[{"value":8.9,"type":"float"},{"value":4,"type":"float"},{"value":8,"type":"float"},{"value":20,"type":"float"},{"value":4,"type":"float"},{"value":4,"type":"float"},{"value":4,"type":"float"},{"value":1.99,"type":"float"},{"value":1.99,"type":"float"},{"value":119,"type":"float"},{"value":0.59,"type":"float"},{"value":0.59,"type":"float"},{"value":8.19,"type":"float"},{"value":199,"type":"float"},{"value":2.25,"type":"float"},{"value":0.59,"type":"float"},{"value":1.9,"type":"float"}],"type":"list"}],[{"value":"Upper","type":"str"},{"value":[{"value":9.1,"type":"float"},{"value":6,"type":"float"},{"value":28,"type":"float"},{"value":50,"type":"float"},{"value":40,"type":"float"},{"value":14,"type":"float"},{"value":76,"type":"float"},{"value":2.01,"type":"float"},{"value":2.01,"type":"float"},{"value":121,"type":"float"},{"value":0.79,"type":"float"},{"value":0.79,"type":"float"},{"value":10.19,"type":"float"},{"value":201,"type":"float"},{"value":4.25,"type":"float"},{"value":0.79,"type":"float"},{"value":3.9,"type":"float"}],"type":"list"}],[{"value":"Distribution","type":"str"},{"value":[{"value":"uniform","type":"str"},{"value":"uniform","type":"str"},{"value":"uniform","type":"str"},{"value":"uniform","type":"str"},{"value":"uniform","type":"str"},{"value":"uniform","type":"str"},{"value":"uniform","type":"str"},{"value":"uniform","type":"str"},{"value":"uniform","type":"str"},{"value":"uniform","type":"str"},{"value":"uniform","type":"str"},{"value":"uniform","type":"str"},{"value":"uniform","type":"str"},{"value":"uniform","type":"str"},{"value":"uniform","type":"str"},{"value":"uniform","type":"str"},{"value":"uniform","type":"str"}],"type":"list"}],[{"value":"R_pan","type":"str"},{"value":0,"type":"int"}],[{"value":"R_via","type":"str"},{"value":1,"type":"int"}],[{"value":"l_DGS","type":"str"},{"value":2,"type":"int"}],[{"value":"m_DGS","type":"str"},{"value":3,"type":"int"}],[{"value":"n_DGS","type":"str"},{"value":4,"type":"int"}],[{"value":"W_DGS","type":"str"},{"value":5,"type":"int"}],[{"value":"D_DGS","type":"str"},{"value":6,"type":"int"}],[{"value":"X1","type":"str"},{"value":7,"type":"int"}],[{"value":"X2","type":"str"},{"value":8,"type":"int"}],[{"value":"W_GND","type":"str"},{"value":9,"type":"int"}],[{"value":"H_GND2","type":"str"},{"value":10,"type":"int"}],[{"value":"H_GND3","type":"str"},{"value":11,"type":"int"}],[{"value":"GAP2","type":"str"},{"value":12,"type":"int"}],[{"value":"L_GND","type":"str"},{"value":13,"type":"int"}],[{"value":"W_LINE","type":"str"},{"value":14,"type":"int"}],[{"value":"H_LINE","type":"str"},{"value":15,"type":"int"}],[{"value":"H_LINEGND2","type":"str"},{"value":16,"type":"int"}]],"type":"advanced_dict"}','String','通用配置',NULL,95,'2025-07-27 10:22:24','2025-07-27 10:22:24','system','system',1),('89226294-1f4c-4236-b0e9-b0fb40248947','main_config_1753582925721','trainingParam','training Param','{"value":[[{"value":"train_model_from_scratch_or_not","type":"str"},{"value":true,"type":"bool"}],[{"value":"model_epoch","type":"str"},{"value":100,"type":"int"}],[{"value":"batch_size","type":"str"},{"value":256,"type":"int"}],[{"value":"model_update_epoch","type":"str"},{"value":100,"type":"int"}],[{"value":"update_batch_size","type":"str"},{"value":256,"type":"int"}],[{"value":"update_method","type":"str"},{"value":"每次更新重新训练","type":"str"}],[{"value":"train_from_scratch_n","type":"str"},{"value":5,"type":"int"}],[{"value":"check_val_every_n_epoch","type":"str"},{"value":1,"type":"int"}],[{"value":"transfer_learning_or_not","type":"str"},{"value":false,"type":"bool"}],[{"value":"pretrained_model_path","type":"str"},{"value":"./lightning-resnet.ckpt","type":"str"}],[{"value":"LightningModel","type":"str"},{"value":[[{"value":"algorithm","type":"str"},{"value":"LightningResNet","type":"str"}],[{"value":"param","type":"str"},{"value":[[{"value":"resnet_lr","type":"str"},{"value":0.001,"type":"float"}],[{"value":"fc_lr","type":"str"},{"value":0.001,"type":"float"}],[{"value":"upsample_size","type":"str"},{"value":"64","type":"str"}],[{"value":"split_mat_as_fragment_shape","type":"str"},{"value":false,"type":"bool"}],[{"value":"pretrained","type":"str"},{"value":true,"type":"bool"}],[{"value":"model_depth","type":"str"},{"value":"50","type":"str"}]],"type":"advanced_dict"}]],"type":"advanced_dict"}],[{"value":"selected_model_param","type":"str"},{"value":[[{"value":"resnet_lr","type":"str"},{"value":0.001,"type":"float"}],[{"value":"fc_lr","type":"str"},{"value":0.001,"type":"float"}],[{"value":"upsample_size","type":"str"},{"value":"64","type":"str"}],[{"value":"split_mat_as_fragment_shape","type":"str"},{"value":false,"type":"bool"}],[{"value":"pretrained","type":"str"},{"value":true,"type":"bool"}],[{"value":"model_depth","type":"str"},{"value":"50","type":"str"}]],"type":"advanced_dict"}]],"type":"advanced_dict"}','String','通用配置',NULL,93,'2025-07-27 10:22:22','2025-07-27 10:22:22','system','system',1),('a17edf8d-83a0-4dcc-91e5-ed64b945918f','main_config_1753582925721','optimizeParam','optimize Param','{"value":[[{"value":"T0","type":"str"},{"value":100,"type":"int"}],[{"value":"T_min","type":"str"},{"value":10,"type":"int"}],[{"value":"delta","type":"str"},{"value":0.1,"type":"float"}],[{"value":"alpha","type":"str"},{"value":0.9,"type":"float"}],[{"value":"population_n","type":"str"},{"value":100,"type":"int"}],[{"value":"similarDistanceEdt","type":"str"},{"value":0.15,"type":"float"}],[{"value":"samplesPerGeneration","type":"str"},{"value":10,"type":"int"}],[{"value":"re_annealing_iter","type":"str"},{"value":100,"type":"int"}],[{"value":"using_re_annealing","type":"str"},{"value":true,"type":"bool"}],[{"value":"fix_range_num","type":"str"},{"value":5,"type":"int"}],[{"value":"trial_N_neighbour","type":"str"},{"value":10,"type":"int"}],[{"value":"tral_N_line_search","type":"str"},{"value":10,"type":"int"}],[{"value":"neighbour_size","type":"str"},{"value":0.01,"type":"float"}],[{"value":"SurrogateMethod","type":"str"},{"value":[[{"value":"algorithm","type":"str"},{"value":"TopK","type":"str"}],[{"value":"param","type":"str"},{"value":[[{"value":"N","type":"str"},{"value":10,"type":"int"}]],"type":"advanced_dict"}]],"type":"advanced_dict"}],[{"value":"surrogate_method_param","type":"str"},{"value":[[{"value":"N","type":"str"},{"value":10,"type":"int"}]],"type":"advanced_dict"}]],"type":"advanced_dict"}','String','通用配置',NULL,90,'2025-07-27 10:22:18','2025-07-27 10:22:18','system','system',1),('c3dfd572-179d-4a2f-ae0f-8a840bc3cdb2','main_config_1753582925721','modifications','modifications','{"value":"None","type":"NoneType"}','String','通用配置',NULL,9,'2025-07-27 10:22:08','2025-07-27 10:22:08','system','system',1),('cdd742bf-3f2e-47c9-8e4a-ae8f8633556f','main_config_1753582925721','distUrl','dist Url','{"value":"None","type":"NoneType"}','String','通用配置',NULL,18,'2025-07-27 10:22:09','2025-07-27 10:22:09','system','system',1),('de53ab3d-2b62-4131-82bf-291c01520f6c','main_config_1753582925721','sampleParam','sample Param','{"value":[],"type":"advanced_dict"}','String','通用配置',NULL,88,'2025-07-27 10:22:18','2025-07-27 10:22:18','system','system',1),('e3841152-b0e3-4b8c-a4ad-d6c24eaccc71','main_config_1753582925721','samplerSequenceConf','sampler Sequence Conf','{"value":[],"type":"list"}','String','通用配置',NULL,57,'2025-07-27 10:22:13','2025-07-27 10:22:13','system','system',1),('f2502c34-c2bc-422c-a4ac-a1a9472a15fb','main_config_1753582925721','originDataTargetConf','origin Data Target Conf','{"value":[[{"value":"auto_resume","type":"str"},{"value":true,"type":"bool"}],[{"value":"data_target","type":"str"},{"value":[[{"value":"s21te0_g1","type":"str"},{"value":[[{"value":"function_name","type":"str"},{"value":"target1","type":"str"}],[{"value":"frequency_range","type":"str"},{"value":[{"value":1,"type":"float"},{"value":2,"type":"float"}],"type":"list"}],[{"value":"optimize_type","type":"str"},{"value":"maxmin","type":"str"}],[{"value":"predict_method","type":"str"},{"value":1001,"type":"int"}],[{"value":"expected_value","type":"str"},{"value":-0.2,"type":"float"}]],"type":"advanced_dict"}]],"type":"advanced_dict"}]],"type":"advanced_dict"}','String','通用配置',NULL,5,'2025-07-27 10:22:07','2025-07-27 10:22:07','system','system',1);
-- tb_config_item DML
INSERT INTO `tb_config_item` (`id`,`main_config_id`,`config_key`,`config_name`,`config_value`,`config_type`,`category`,`description`,`is_complex`,`sort_order`,`create_time`,`update_time`,`create_by`,`update_by`,`status`) VALUES ('02593257-42ac-45d9-9e75-68bc73929546','main_config_1753582925721','optimizer','optimizer','Adam','str','优化器配置',NULL,0,78,'2025-07-27 10:22:16','2025-07-27 10:22:16','system','system',1),('060e68dc-8b59-4c5b-9a17-66a068ef388d','main_config_1753582925721','usingAdaptWeight','using Adapt Weight','true','bool','通用配置',NULL,0,65,'2025-07-27 10:22:14','2025-07-27 10:22:14','system','system',1),('06ff180d-9495-47b0-81ce-497d1f282f32','main_config_1753582925721','localSearchPerNRound','local Search Per N Round','6','int','通用配置',NULL,0,51,'2025-07-27 10:22:13','2025-07-27 10:22:13','system','system',1),('0b2a949b-ab4d-4452-9221-17bd88d8a788','main_config_1753582925721','loadTrainerOptimizerConfFromFile','load Trainer Optimizer Conf From File','0','int','通用配置',NULL,0,1,'2025-07-27 10:22:06','2025-07-27 10:22:06','system','system',1),('0c310ddb-96c4-4895-afc7-46234c542226','main_config_1753582925721','fragmentConf','fragment Conf','{"fragment": {"0": {"no": 0, "type": 1, "var_num": 17, "range_constraints_list": [[8.9, 9.1], [4.0, 6.0], [8.0, 28.0], [20.0, 50.0], [4.0, 40.0], [4.0, 14.0], [4.0, 76.0], [1.99, 2.01], [1.99, 2.01], [119.0, 121.0], [0.59, 0.79], [0.59, 0.79], [8.19, 10.19], [199.0, 201.0], [2.25, 4.25], [0.59, 0.79], [1.9, 3.9]], "quantization_level_list": [10, 10, 10, 10, 10, 10, 10, 10, 10, 10, 10, 10, 10, 10, 10, 10, 10], "distribution": ["uniform", "uniform", "uniform", "uniform", "uniform", "uniform", "uniform", "uniform", "uniform", "uniform", "uniform", "uniform", "uniform", "uniform", "uniform", "uniform", "uniform"]}}}','str','通用配置',NULL,0,6,'2025-07-27 10:22:08','2025-07-27 10:22:08','system','system',1),('0dd38f2d-ee4a-489c-ac97-9a0ca0d288e6','main_config_1753582925721','modelPretrained','model Pretrained','true','bool','模型配置',NULL,0,33,'2025-07-27 10:22:11','2025-07-27 10:22:11','system','system',1),('1123907f-9df5-447e-ac58-2940dd56c06b','main_config_1753582925721','validationRatio','validation Ratio','0.1','float','通用配置',NULL,0,69,'2025-07-27 10:22:15','2025-07-27 10:22:15','system','system',1),('113ca7cb-58a5-4013-ae32-22d1e250b96e','main_config_1753582925721','initializeData','initialize Data','0','int','通用配置',NULL,0,2,'2025-07-27 10:22:06','2025-07-27 10:22:06','system','system',1),('12bd6f3e-9491-4da6-97f6-0b8088d4e496','main_config_1753582925721','loadOldDataset','load Old Dataset','true','bool','通用配置',NULL,0,24,'2025-07-27 10:22:10','2025-07-27 10:22:10','system','system',1),('16bfd133-244b-44b9-89c8-cf9145227622','main_config_1753582925721','optimizeMethod','optimize Method','SimulatedAnnealing','str','通用配置',NULL,0,82,'2025-07-27 10:22:16','2025-07-27 10:22:16','system','system',1),('16cc62ce-7c88-4e39-8b34-cc1405f25680','main_config_1753582925721','optimMethod','optim Method','filter','str','通用配置',NULL,0,56,'2025-07-27 10:22:13','2025-07-27 10:22:13','system','system',1),('1cbfb288-8a22-4c0a-a231-2c1736889cdc','main_config_1753582925721','pseudoRatio','pseudo Ratio','0','int','通用配置',NULL,0,34,'2025-07-27 10:22:11','2025-07-27 10:22:11','system','system',1),('21fc9b92-5fdb-41ad-9451-b359c6eb612d','main_config_1753582925721','filterStd','filter Std','0.7','float','通用配置',NULL,0,12,'2025-07-27 10:22:08','2025-07-27 10:22:08','system','system',1),('22d4abc7-4a3d-4e08-aa2f-a21e7c9e0f51','main_config_1753582925721','globalMethod','global Method','global_no_algorithm','str','通用配置',NULL,0,85,'2025-07-27 10:22:16','2025-07-27 10:22:16','system','system',1),('23489d20-4431-4962-bf56-9acff29bf59d','main_config_1753582925721','addMutateLayerShapeModify','add Mutate Layer Shape Modify','false','bool','通用配置',NULL,0,62,'2025-07-27 10:22:14','2025-07-27 10:22:14','system','system',1),('2464334d-95fb-4354-a9c8-2f9358d74fcc','main_config_1753582925721','ldi0Coeff','ldi0 Coeff','0.1','float','通用配置',NULL,0,54,'2025-07-27 10:22:13','2025-07-27 10:22:13','system','system',1),('24c67ee6-a5fa-4f0f-89f8-df764e22f2af','main_config_1753582925721','numberForSampleOnly','number For Sample Only','500','int','通用配置',NULL,0,21,'2025-07-27 10:22:09','2025-07-27 10:22:09','system','system',1),('283c657d-a7cc-4a08-9971-6a6870f15137','main_config_1753582925721','surrogateMethod','surrogate Method','TopK','str','通用配置',NULL,0,89,'2025-07-27 10:22:18','2025-07-27 10:22:18','system','system',1),('2afd2a04-a9b2-4306-b424-6d42c00961f4','main_config_1753582925721','saveDataDir','save Data Dir','./temp','str','通用配置',NULL,0,36,'2025-07-27 10:22:11','2025-07-27 10:22:11','system','system',1),('2c42f073-7843-4123-acf4-a60db3ba6f67','main_config_1753582925721','trainingRatio','training Ratio','0.8','float','通用配置',NULL,0,68,'2025-07-27 10:22:14','2025-07-27 10:22:14','system','system',1),('2d56f38b-40f1-405c-88ed-5d985baed6ee','main_config_1753582925721','gpu','gpu','3','int','通用配置',NULL,0,27,'2025-07-27 10:22:10','2025-07-27 10:22:10','system','system',1),('2ee72e6a-c93e-4c01-9fb1-18e4d4f216a3','main_config_1753582925721','criterion','criterion','l2','str','通用配置',NULL,0,26,'2025-07-27 10:22:10','2025-07-27 10:22:10','system','system',1),('2fe3fedd-bc95-404f-bd50-c32fbb79d2da','main_config_1753582925721','maxGlobalSearchIter','max Global Search Iter','200','int','通用配置',NULL,0,47,'2025-07-27 10:22:12','2025-07-27 10:22:12','system','system',1),('309fa432-7b36-4a23-b748-20744b10a665','main_config_1753582925721','distBackend','dist Backend','nccl','str','通用配置',NULL,0,17,'2025-07-27 10:22:09','2025-07-27 10:22:09','system','system',1),('37b1c234-bf88-4546-a3cc-8ffd6de7fd68','main_config_1753582925721','trainFromScratchLr','train From Scratch Lr','0.001','float','通用配置',NULL,0,76,'2025-07-27 10:22:15','2025-07-27 10:22:15','system','system',1),('38841752-2ae6-4a6a-8439-f38d032b52b7','main_config_1753582925721','trainingOnly','training Only','0','int','通用配置',NULL,0,77,'2025-07-27 10:22:15','2025-07-27 10:22:15','system','system',1),('38f945dd-6953-4404-b4b3-3220e6a072bc','main_config_1753582925721','usingKnownInitialPoint','using Known Initial Point','false','bool','通用配置',NULL,0,50,'2025-07-27 10:22:13','2025-07-27 10:22:13','system','system',1),('3be8cf2f-9247-4024-8ca9-e81c4500ecfb','main_config_1753582925721','columns','columns','16','int','通用配置',NULL,0,8,'2025-07-27 10:22:08','2025-07-27 10:22:08','system','system',1),('3c0cbbc8-7864-4fa3-a30d-7eb5ab282ed2','main_config_1753582925721','samplesPerGeneration','samples Per Generation','2','int','通用配置',NULL,0,55,'2025-07-27 10:22:13','2025-07-27 10:22:13','system','system',1),('41514707-6c13-426e-bd07-21b06dd528e6','main_config_1753582925721','epoch','epoch','300','int','通用配置',NULL,0,71,'2025-07-27 10:22:15','2025-07-27 10:22:15','system','system',1),('45c8343a-1b1d-48d6-8f2c-e07b9d5f0101','main_config_1753582925721','adaptWeightSmoothCoeff','adapt Weight Smooth Coeff','1','int','通用配置',NULL,0,58,'2025-07-27 10:22:13','2025-07-27 10:22:13','system','system',1),('4e0baeed-6491-4d90-9cc9-0d381172e0b4','main_config_1753582925721','usingDistanceTarget','using Distance Target','true','bool','通用配置',NULL,0,60,'2025-07-27 10:22:14','2025-07-27 10:22:14','system','system',1),('4f3064c4-2adb-4d6a-8b01-4000f9d9e836','main_config_1753582925721','filterType','filter Type','2','int','通用配置',NULL,0,11,'2025-07-27 10:22:08','2025-07-27 10:22:08','system','system',1),('5115ea1d-df14-464a-82ca-9e4522d33aa9','main_config_1753582925721','paretoLossCoeff','pareto Loss Coeff','0.9','float','通用配置',NULL,0,81,'2025-07-27 10:22:16','2025-07-27 10:22:16','system','system',1),('51724492-01d4-4393-9bd3-abdee6438626','main_config_1753582925721','usingSoftDistanceTarget','using Soft Distance Target','false','bool','通用配置',NULL,0,59,'2025-07-27 10:22:14','2025-07-27 10:22:14','system','system',1),('5a98fdd3-dd73-4a80-bba8-9356262ecd8c','main_config_1753582925721','updateSamplerPerRounds','update Sampler Per Rounds','4','int','通用配置',NULL,0,13,'2025-07-27 10:22:08','2025-07-27 10:22:08','system','system',1),('63dd0134-456c-41b9-8f6b-2c8eb116e558','main_config_1753582925721','predictMethod','predict Method','LightningKEP','str','通用配置',NULL,0,92,'2025-07-27 10:22:21','2025-07-27 10:22:21','system','system',1),('6644278c-88b1-4189-bc7d-85daed6e0580','main_config_1753582925721','fastapiPort','fastapi Port','8000','int','通用配置',NULL,0,83,'2025-07-27 10:22:16','2025-07-27 10:22:16','system','system',1),('67724a9f-466c-4b1a-8839-3205f7b951fb','main_config_1753582925721','modelName','model Name','resnet20','str','模型配置',NULL,0,31,'2025-07-27 10:22:10','2025-07-27 10:22:10','system','system',1),('6bf72cb0-9ab0-437e-8f36-13a0deecb7b6','main_config_1753582925721','mutateLayerMaxChangedPixelRatioShapeModify','mutate Layer Max Changed Pixel Ratio Shape Modify','0.1','float','通用配置',NULL,0,63,'2025-07-27 10:22:14','2025-07-27 10:22:14','system','system',1),('76973a79-4847-4018-83c2-dbf177c31a7a','main_config_1753582925721','matrixSize1','matrix Size1','16','int','通用配置',NULL,0,80,'2025-07-27 10:22:16','2025-07-27 10:22:16','system','system',1),('76e96993-4e92-4fbf-af02-c385e1cd045d','main_config_1753582925721','confPath','conf Path','./temp','str','通用配置',NULL,0,29,'2025-07-27 10:22:10','2025-07-27 10:22:10','system','system',1),('7a23eef2-36fa-41a1-8c8f-d516d7c9bae7','main_config_1753582925721','similarSampleTolerance','similar Sample Tolerance','99','int','通用配置',NULL,0,53,'2025-07-27 10:22:13','2025-07-27 10:22:13','system','system',1),('7b34be3d-2411-4386-bc99-607c8a839773','main_config_1753582925721','saveData','save Data','true','bool','通用配置',NULL,0,35,'2025-07-27 10:22:11','2025-07-27 10:22:11','system','system',1),('7f816ab7-416d-4291-93bb-59972f7e6748','main_config_1753582925721','maxLocalSearchIter','max Local Search Iter','200','int','通用配置',NULL,0,48,'2025-07-27 10:22:12','2025-07-27 10:22:12','system','system',1),('83490ca4-69cd-4cce-a8d2-16393332d27b','main_config_1753582925721','nodeRank','node Rank','0','int','通用配置',NULL,0,19,'2025-07-27 10:22:09','2025-07-27 10:22:09','system','system',1),('881051c1-2d21-4bfb-a34c-97041e95afaf','main_config_1753582925721','saveModel','save Model','true','bool','通用配置',NULL,0,32,'2025-07-27 10:22:10','2025-07-27 10:22:10','system','system',1),('8a2c7ea3-adca-403e-8e84-4d8d5cf3ed89','main_config_1753582925721','loadNewDataset','load New Dataset','false','bool','通用配置',NULL,0,25,'2025-07-27 10:22:10','2025-07-27 10:22:10','system','system',1),('8bd72e22-e253-46e4-89d6-c4d9a00edf7b','main_config_1753582925721','rows','rows','16','int','通用配置',NULL,0,7,'2025-07-27 10:22:08','2025-07-27 10:22:08','system','system',1),('8d1f172d-31fd-4e9f-9b3b-7b59d1c257f5','main_config_1753582925721','sampleMethod','sample Method','VariableSample','str','通用配置',NULL,0,87,'2025-07-27 10:22:18','2025-07-27 10:22:18','system','system',1),('8f9d22d2-7d91-4073-9a31-09125f8802af','main_config_1753582925721','neighbourSize','neighbour Size','10','int','通用配置',NULL,0,40,'2025-07-27 10:22:11','2025-07-27 10:22:11','system','system',1),('90959d9d-ac9d-4e88-b8c4-e96d82fb4b0d','main_config_1753582925721','usingFilter','using Filter','0','int','通用配置',NULL,0,10,'2025-07-27 10:22:08','2025-07-27 10:22:08','system','system',1),('918fc067-ed2c-4e41-a6b9-fae139313af9','main_config_1753582925721','batchSize','batch Size','128','int','通用配置',NULL,0,72,'2025-07-27 10:22:15','2025-07-27 10:22:15','system','system',1),('96d4ed42-212c-423f-823e-1a9bf9b49898','main_config_1753582925721','sampleOnly','sample Only','false','bool','通用配置',NULL,0,20,'2025-07-27 10:22:09','2025-07-27 10:22:09','system','system',1),('971b40e5-e50c-49e7-937d-0f0b0232987f','main_config_1753582925721','randomWeightCoeff','random Weight Coeff','10','int','通用配置',NULL,0,15,'2025-07-27 10:22:09','2025-07-27 10:22:09','system','system',1),('973ffb72-51ba-4c02-a27c-0cec3d96c9ea','main_config_1753582925721','mainConfPath','main Conf Path','','str','通用配置',NULL,0,0,'2025-07-27 10:22:06','2025-07-27 10:22:06','system','system',1),('a384cc32-d1de-4f75-a6af-e6d6027c412b','main_config_1753582925721','resampleNumber','resample Number','200','int','通用配置',NULL,0,52,'2025-07-27 10:22:13','2025-07-27 10:22:13','system','system',1),('a56eb992-748d-40d0-92ca-9a5d8c6193db','main_config_1753582925721','printFreq','print Freq','20','int','通用配置',NULL,0,42,'2025-07-27 10:22:12','2025-07-27 10:22:12','system','system',1),('a83f92a9-478d-4930-bad2-cefca21b1960','main_config_1753582925721','adaptWeightMinWeightProp','adapt Weight Min Weight Prop','4','int','通用配置',NULL,0,66,'2025-07-27 10:22:14','2025-07-27 10:22:14','system','system',1),('a8dffb7f-86dc-4f42-aeed-38de715c622c','main_config_1753582925721','worldSize','world Size','1','int','通用配置',NULL,0,16,'2025-07-27 10:22:09','2025-07-27 10:22:09','system','system',1),('a91f4464-8dac-4503-857e-fccf5ce0d851','main_config_1753582925721','datasetAutoresume','dataset Autoresume','1','int','数据配置',NULL,0,3,'2025-07-27 10:22:06','2025-07-27 10:22:06','system','system',1),('b4407526-1a78-47c1-8b29-773336a097f0','main_config_1753582925721','trainFromScratchPerRounds','train From Scratch Per Rounds','10','int','通用配置',NULL,0,74,'2025-07-27 10:22:15','2025-07-27 10:22:15','system','system',1),('b7970088-e38a-4ebd-9ff8-b0f2aa6eb715','main_config_1753582925721','expName','exp Name','SimpleNet','str','通用配置',NULL,0,30,'2025-07-27 10:22:10','2025-07-27 10:22:10','system','system',1),('b8ddbd6c-548d-4383-aab1-99c4f098cb90','main_config_1753582925721','maxSearchTime','max Search Time','420','int','通用配置',NULL,0,46,'2025-07-27 10:22:12','2025-07-27 10:22:12','system','system',1),('b8de44fe-ca3f-42f9-9bcd-2f8c02ce423b','main_config_1753582925721','neighbourNum','neighbour Num','3','int','通用配置',NULL,0,39,'2025-07-27 10:22:11','2025-07-27 10:22:11','system','system',1),('b9a945a9-6f99-4aee-938d-9cb5a1ab3548','main_config_1753582925721','optimizationIterN','optimization Iter N','100','int','通用配置',NULL,0,38,'2025-07-27 10:22:11','2025-07-27 10:22:11','system','system',1),('be8a29d2-4d79-4054-8af1-acab4accc33c','main_config_1753582925721','disableTraining','disable Training','0','int','通用配置',NULL,0,23,'2025-07-27 10:22:10','2025-07-27 10:22:10','system','system',1),('bf2e32b3-fcc6-46c7-93d4-574c3e9a0c13','main_config_1753582925721','usingPolyfit','using Polyfit','0','int','通用配置',NULL,0,67,'2025-07-27 10:22:14','2025-07-27 10:22:14','system','system',1),('c94497e9-54ce-467c-b13f-70f1307a8fa4','main_config_1753582925721','vProbShapeModify','v Prob Shape Modify','0.1','float','通用配置',NULL,0,64,'2025-07-27 10:22:14','2025-07-27 10:22:14','system','system',1),('ce3493b4-b82f-4f3b-ba25-8362c2dcaebf','main_config_1753582925721','lowerBound','lower Bound','-0.1','float','通用配置',NULL,0,37,'2025-07-27 10:22:11','2025-07-27 10:22:11','system','system',1),('d5ee51c0-d237-48cb-bf55-864da390a01b','main_config_1753582925721','forceUpdateSamplerRounds','force Update Sampler Rounds','-1','int','通用配置',NULL,0,14,'2025-07-27 10:22:09','2025-07-27 10:22:09','system','system',1),('dcf97b15-7a94-46c5-bf62-72d55ea27d15','main_config_1753582925721','trainFromScratchEpoch','train From Scratch Epoch','1000','int','通用配置',NULL,0,75,'2025-07-27 10:22:15','2025-07-27 10:22:15','system','system',1),('e20cc8b0-6e57-4734-8f7c-364c95a11fac','main_config_1753582925721','maxSearchIter','max Search Iter','200','int','通用配置',NULL,0,45,'2025-07-27 10:22:12','2025-07-27 10:22:12','system','system',1),('e5b33806-2637-4e58-98f9-ae407b33bc63','main_config_1753582925721','nMatPool','n Mat Pool','20000','int','通用配置',NULL,0,43,'2025-07-27 10:22:12','2025-07-27 10:22:12','system','system',1),('e627330e-4ae0-4c22-a29c-6609bff1c93f','main_config_1753582925721','initialSampleNumber','initial Sample Number','2','int','通用配置',NULL,0,49,'2025-07-27 10:22:12','2025-07-27 10:22:12','system','system',1),('e77526d4-e5bd-4eb6-a820-e5a9b65fb6cb','main_config_1753582925721','minFiltered','min Filtered','100','int','通用配置',NULL,0,44,'2025-07-27 10:22:12','2025-07-27 10:22:12','system','system',1),('ee26630c-0faf-4aec-a159-ac01f08f0702','main_config_1753582925721','maxMutateLengthRatioShapeModify','max Mutate Length Ratio Shape Modify','0.1','float','通用配置',NULL,0,61,'2025-07-27 10:22:14','2025-07-27 10:22:14','system','system',1),('eed3e8b6-e216-4115-9057-937ec0fc29ae','main_config_1753582925721','outputPath','output Path','D:/huawei_debug/分析异常数据比率/p_2','str','通用配置',NULL,0,28,'2025-07-27 10:22:10','2025-07-27 10:22:10','system','system',1),('f812728d-5c8e-4d42-b5b0-af8e9f1f831b','main_config_1753582925721','lr','lr','0.001','float','通用配置',NULL,0,70,'2025-07-27 10:22:15','2025-07-27 10:22:15','system','system',1),('f8bb06cf-2bae-4ffb-a967-671e52ee31fa','main_config_1753582925721','matrixSize0','matrix Size0','16','int','通用配置',NULL,0,79,'2025-07-27 10:22:16','2025-07-27 10:22:16','system','system',1),('fb06875e-5693-47b4-a8af-aa085c4870fe','main_config_1753582925721','neighbourLifelong','neighbour Lifelong','10','int','通用配置',NULL,0,41,'2025-07-27 10:22:12','2025-07-27 10:22:12','system','system',1),('fc287f38-8d18-4473-a467-bf49bfd8389b','main_config_1753582925721','weightDecay','weight Decay','0','int','通用配置',NULL,0,73,'2025-07-27 10:22:15','2025-07-27 10:22:15','system','system',1),('fdba21fa-ded8-43d6-b1b7-10fe72dc04da','main_config_1753582925721','selectedModel','selected Model','LightningResNet','str','通用配置',NULL,0,91,'2025-07-27 10:22:21','2025-07-27 10:22:21','system','system',1);
-- tb_config_list_item DML
INSERT INTO `tb_config_list_item` (`id`,`complex_config_id`,`main_config_id`,`list_index`,`sub_list_index`,`item_key`,`item_value`,`item_type`,`item_group`,`description`,`sort_order`,`create_time`,`update_time`,`create_by`,`update_by`,`status`) VALUES ('0942e170-9ff4-4cf1-8c7b-2c72d72c0f47','7d396ad5-afd7-471f-8d35-d8acb8d9e862','main_config_1753582925721',2,0,'"Distribution"','[{"value":"uniform","type":"str"},{"value":"uniform","type":"str"},{"value":"uniform","type":"str"},{"value":"uniform","type":"str"},{"value":"uniform","type":"str"},{"value":"uniform","type":"str"},{"value":"uniform","type":"str"},{"value":"uniform","type":"str"},{"value":"uniform","type":"str"},{"value":"uniform","type":"str"},{"value":"uniform","type":"str"},{"value":"uniform","type":"str"},{"value":"uniform","type":"str"},{"value":"uniform","type":"str"},{"value":"uniform","type":"str"},{"value":"uniform","type":"str"},{"value":"uniform","type":"str"}]','String','variableDict','扁平化配置: "Distribution" = [{"value":"uniform","type":"str"},{"value":"uniform","type":"str"},{"value":"uniform","type":"str"},{"value":"uniform","type":"str"},{"value":"uniform","type":"str"},{"value":"uniform","type":"str"},{"value":"uniform","type":"str"},{"value":"uniform","type":"str"},{"value":"uniform","type":"str"},{"value":"uniform","type":"str"},{"value":"uniform","type":"str"},{"value":"uniform","type":"str"},{"value":"uniform","type":...',2,'2025-07-27 10:22:25','2025-07-27 10:22:25','system','system',1),('0c0ef50e-6e35-4d0b-8c30-dd42b98ce9e4','89226294-1f4c-4236-b0e9-b0fb40248947','main_config_1753582925721',2,0,'"batch_size"','256','Integer','trainingParam','扁平化配置: "batch_size" = 256',2,'2025-07-27 10:22:22','2025-07-27 10:22:22','system','system',1),('0e5cf87b-91c9-4904-b112-c78a20751b12','a17edf8d-83a0-4dcc-91e5-ed64b945918f','main_config_1753582925721',8,0,'"using_re_annealing"','true','Boolean','optimizeParam','扁平化配置: "using_re_annealing" = true',8,'2025-07-27 10:22:20','2025-07-27 10:22:20','system','system',1),('12ce9a14-4d94-4ce3-b013-00a60572f967','7d396ad5-afd7-471f-8d35-d8acb8d9e862','main_config_1753582925721',15,0,'"GAP2"','12','Integer','variableDict','扁平化配置: "GAP2" = 12',15,'2025-07-27 10:22:28','2025-07-27 10:22:28','system','system',1),('1427b566-f4c6-4e39-a2a2-d867a62f80fb','7d396ad5-afd7-471f-8d35-d8acb8d9e862','main_config_1753582925721',0,0,'"Lower"','[{"value":8.9,"type":"float"},{"value":4,"type":"float"},{"value":8,"type":"float"},{"value":20,"type":"float"},{"value":4,"type":"float"},{"value":4,"type":"float"},{"value":4,"type":"float"},{"value":1.99,"type":"float"},{"value":1.99,"type":"float"},{"value":119,"type":"float"},{"value":0.59,"type":"float"},{"value":0.59,"type":"float"},{"value":8.19,"type":"float"},{"value":199,"type":"float"},{"value":2.25,"type":"float"},{"value":0.59,"type":"float"},{"value":1.9,"type":"float"}]','String','variableDict','扁平化配置: "Lower" = [{"value":8.9,"type":"float"},{"value":4,"type":"float"},{"value":8,"type":"float"},{"value":20,"type":"float"},{"value":4,"type":"float"},{"value":4,"type":"float"},{"value":4,"type":"float"},{"value":1.99,"type":"float"},{"value":1.99,"type":"float"},{"value":119,"type":"float"},{"value":0.59,"type":"float"},{"value":0.59,"type":"float"},{"value":8.19,"type":"float"},{"value":199,"type":"float"},{"value":2.25,"type":"float"}...',0,'2025-07-27 10:22:24','2025-07-27 10:22:24','system','system',1),('19e67de4-bff0-4fe4-9a5b-fbc09a10c9aa','7d396ad5-afd7-471f-8d35-d8acb8d9e862','main_config_1753582925721',16,0,'"L_GND"','13','Integer','variableDict','扁平化配置: "L_GND" = 13',16,'2025-07-27 10:22:28','2025-07-27 10:22:28','system','system',1),('1bb67a9e-2a65-4146-a35a-7f4dc737f741','89226294-1f4c-4236-b0e9-b0fb40248947','main_config_1753582925721',3,0,'"model_update_epoch"','100','Integer','trainingParam','扁平化配置: "model_update_epoch" = 100',3,'2025-07-27 10:22:22','2025-07-27 10:22:22','system','system',1),('23103612-2d4c-4615-944f-404592024d56','a17edf8d-83a0-4dcc-91e5-ed64b945918f','main_config_1753582925721',6,0,'"samplesPerGeneration"','10','Integer','optimizeParam','扁平化配置: "samplesPerGeneration" = 10',6,'2025-07-27 10:22:19','2025-07-27 10:22:19','system','system',1),('2833aec5-c34d-4b8b-b5ee-2fb60b690c01','f2502c34-c2bc-422c-a4ac-a1a9472a15fb','main_config_1753582925721',1,0,'"data_target"','[[{"value":"s21te0_g1","type":"str"},{"value":[[{"value":"function_name","type":"str"},{"value":"target1","type":"str"}],[{"value":"frequency_range","type":"str"},{"value":[{"value":1,"type":"float"},{"value":2,"type":"float"}],"type":"list"}],[{"value":"optimize_type","type":"str"},{"value":"maxmin","type":"str"}],[{"value":"predict_method","type":"str"},{"value":1001,"type":"int"}],[{"value":"expected_value","type":"str"},{"value":-0.2,"type":"float"}]],"type":"advanced_dict"}]]','String','originDataTargetConf','扁平化配置: "data_target" = [[{"value":"s21te0_g1","type":"str"},{"value":[[{"value":"function_name","type":"str"},{"value":"target1","type":"str"}],[{"value":"frequency_range","type":"str"},{"value":[{"value":1,"type":"float"},{"value":2,"type":"float"}],"type":"list"}],[{"value":"optimize_type","type":"str"},{"value":"maxmin","type":"str"}],[{"value":"predict_method","type":"str"},{"value":1001,"type":"int"}],[{"value":"expected_value","type":"st...',1,'2025-07-27 10:22:07','2025-07-27 10:22:07','system','system',1),('30d01f78-7b3a-4612-975c-d5d9bc0c45a2','a17edf8d-83a0-4dcc-91e5-ed64b945918f','main_config_1753582925721',1,0,'"T_min"','10','Integer','optimizeParam','扁平化配置: "T_min" = 10',1,'2025-07-27 10:22:18','2025-07-27 10:22:18','system','system',1),('33a9d7cc-7fca-492c-8b4e-cc2c97a6149e','5dae572c-7a8e-495e-a04b-7951c72eea04','main_config_1753582925721',3,0,'"robust_analyses"','[]','String','targetEditorDict','扁平化配置: "robust_analyses" = []',3,'2025-07-27 10:22:29','2025-07-27 10:22:29','system','system',1),('345ef9eb-0021-4784-b958-20bc129b17df','7d396ad5-afd7-471f-8d35-d8acb8d9e862','main_config_1753582925721',18,0,'"H_LINE"','15','Integer','variableDict','扁平化配置: "H_LINE" = 15',18,'2025-07-27 10:22:28','2025-07-27 10:22:28','system','system',1),('34bb942e-d9a0-47fc-b99c-9a6fc9ed90ac','7d396ad5-afd7-471f-8d35-d8acb8d9e862','main_config_1753582925721',8,0,'"W_DGS"','5','Integer','variableDict','扁平化配置: "W_DGS" = 5',8,'2025-07-27 10:22:26','2025-07-27 10:22:26','system','system',1),('357954d2-b7e4-4fe3-997a-62308c148113','f2502c34-c2bc-422c-a4ac-a1a9472a15fb','main_config_1753582925721',0,0,'"auto_resume"','true','Boolean','originDataTargetConf','扁平化配置: "auto_resume" = true',0,'2025-07-27 10:22:07','2025-07-27 10:22:07','system','system',1),('38b9044a-2430-4aff-b586-1b7411af3173','7d396ad5-afd7-471f-8d35-d8acb8d9e862','main_config_1753582925721',1,0,'"Upper"','[{"value":9.1,"type":"float"},{"value":6,"type":"float"},{"value":28,"type":"float"},{"value":50,"type":"float"},{"value":40,"type":"float"},{"value":14,"type":"float"},{"value":76,"type":"float"},{"value":2.01,"type":"float"},{"value":2.01,"type":"float"},{"value":121,"type":"float"},{"value":0.79,"type":"float"},{"value":0.79,"type":"float"},{"value":10.19,"type":"float"},{"value":201,"type":"float"},{"value":4.25,"type":"float"},{"value":0.79,"type":"float"},{"value":3.9,"type":"float"}]','String','variableDict','扁平化配置: "Upper" = [{"value":9.1,"type":"float"},{"value":6,"type":"float"},{"value":28,"type":"float"},{"value":50,"type":"float"},{"value":40,"type":"float"},{"value":14,"type":"float"},{"value":76,"type":"float"},{"value":2.01,"type":"float"},{"value":2.01,"type":"float"},{"value":121,"type":"float"},{"value":0.79,"type":"float"},{"value":0.79,"type":"float"},{"value":10.19,"type":"float"},{"value":201,"type":"float"},{"value":4.25,"type":"fl...',1,'2025-07-27 10:22:25','2025-07-27 10:22:25','system','system',1),('3e82d31d-8173-44cf-902d-a4d33fb93e63','7d396ad5-afd7-471f-8d35-d8acb8d9e862','main_config_1753582925721',19,0,'"H_LINEGND2"','16','Integer','variableDict','扁平化配置: "H_LINEGND2" = 16',19,'2025-07-27 10:22:28','2025-07-27 10:22:28','system','system',1),('3f9d369d-a7d3-4d02-93d1-3221750fa896','7d396ad5-afd7-471f-8d35-d8acb8d9e862','main_config_1753582925721',5,0,'"l_DGS"','2','Integer','variableDict','扁平化配置: "l_DGS" = 2',5,'2025-07-27 10:22:26','2025-07-27 10:22:26','system','system',1),('433ca004-fb7b-47af-8b1f-ba4e16f9a582','89226294-1f4c-4236-b0e9-b0fb40248947','main_config_1753582925721',9,0,'"pretrained_model_path"','"./lightning-resnet.ckpt"','String','trainingParam','扁平化配置: "pretrained_model_path" = "./lightning-resnet.ckpt"',9,'2025-07-27 10:22:24','2025-07-27 10:22:24','system','system',1),('4c53cefb-74dc-4c4d-9678-9dc4f4979150','89226294-1f4c-4236-b0e9-b0fb40248947','main_config_1753582925721',6,0,'"train_from_scratch_n"','5','Integer','trainingParam','扁平化配置: "train_from_scratch_n" = 5',6,'2025-07-27 10:22:23','2025-07-27 10:22:23','system','system',1),('4d6919e6-5864-49c7-a2a6-a896394ec061','89226294-1f4c-4236-b0e9-b0fb40248947','main_config_1753582925721',4,0,'"update_batch_size"','256','Integer','trainingParam','扁平化配置: "update_batch_size" = 256',4,'2025-07-27 10:22:23','2025-07-27 10:22:23','system','system',1),('4e4e411f-c140-4417-a950-b50696c30684','79fa865e-8532-4415-90dc-7b1fd8946f21','main_config_1753582925721',2,0,'"initial_sample_number"','100','Integer','globalParam','扁平化配置: "initial_sample_number" = 100',2,'2025-07-27 10:22:17','2025-07-27 10:22:17','system','system',1),('50457d8c-69f6-4932-a6df-0f74f35757a7','79fa865e-8532-4415-90dc-7b1fd8946f21','main_config_1753582925721',1,0,'"initialize_data"','false','Boolean','globalParam','扁平化配置: "initialize_data" = false',1,'2025-07-27 10:22:17','2025-07-27 10:22:17','system','system',1),('51b8f3cc-3821-48c2-bf31-d8adcc14680b','7d396ad5-afd7-471f-8d35-d8acb8d9e862','main_config_1753582925721',17,0,'"W_LINE"','14','Integer','variableDict','扁平化配置: "W_LINE" = 14',17,'2025-07-27 10:22:28','2025-07-27 10:22:28','system','system',1),('5230790a-4f48-4961-8943-0083a4b98a72','79fa865e-8532-4415-90dc-7b1fd8946f21','main_config_1753582925721',3,0,'"using_soft_distance_target"','true','Boolean','globalParam','扁平化配置: "using_soft_distance_target" = true',3,'2025-07-27 10:22:17','2025-07-27 10:22:17','system','system',1),('5b22824f-098e-43fb-8a6d-236a103fcb35','89226294-1f4c-4236-b0e9-b0fb40248947','main_config_1753582925721',0,0,'"train_model_from_scratch_or_not"','true','Boolean','trainingParam','扁平化配置: "train_model_from_scratch_or_not" = true',0,'2025-07-27 10:22:22','2025-07-27 10:22:22','system','system',1),('62c6f834-02ee-4414-864d-74a533007fae','89226294-1f4c-4236-b0e9-b0fb40248947','main_config_1753582925721',10,0,'"LightningModel"','[[{"value":"algorithm","type":"str"},{"value":"LightningResNet","type":"str"}],[{"value":"param","type":"str"},{"value":[[{"value":"resnet_lr","type":"str"},{"value":0.001,"type":"float"}],[{"value":"fc_lr","type":"str"},{"value":0.001,"type":"float"}],[{"value":"upsample_size","type":"str"},{"value":"64","type":"str"}],[{"value":"split_mat_as_fragment_shape","type":"str"},{"value":false,"type":"bool"}],[{"value":"pretrained","type":"str"},{"value":true,"type":"bool"}],[{"value":"model_depth","type":"str"},{"value":"50","type":"str"}]],"type":"advanced_dict"}]]','String','trainingParam','扁平化配置: "LightningModel" = [[{"value":"algorithm","type":"str"},{"value":"LightningResNet","type":"str"}],[{"value":"param","type":"str"},{"value":[[{"value":"resnet_lr","type":"str"},{"value":0.001,"type":"float"}],[{"value":"fc_lr","type":"str"},{"value":0.001,"type":"float"}],[{"value":"upsample_size","type":"str"},{"value":"64","type":"str"}],[{"value":"split_mat_as_fragment_shape","type":"str"},{"value":false,"type":"bool"}],[{"value":"pre...',10,'2025-07-27 10:22:24','2025-07-27 10:22:24','system','system',1),('62ea1c50-69e4-4778-ab5f-bdc8302e8b38','89226294-1f4c-4236-b0e9-b0fb40248947','main_config_1753582925721',8,0,'"transfer_learning_or_not"','false','Boolean','trainingParam','扁平化配置: "transfer_learning_or_not" = false',8,'2025-07-27 10:22:23','2025-07-27 10:22:23','system','system',1),('6833e307-97ed-4ad8-92f2-8e9f49ba22da','a17edf8d-83a0-4dcc-91e5-ed64b945918f','main_config_1753582925721',7,0,'"re_annealing_iter"','100','Integer','optimizeParam','扁平化配置: "re_annealing_iter" = 100',7,'2025-07-27 10:22:20','2025-07-27 10:22:20','system','system',1),('6deb2024-6d8a-46fd-82d8-4b405dd56b95','89226294-1f4c-4236-b0e9-b0fb40248947','main_config_1753582925721',1,0,'"model_epoch"','100','Integer','trainingParam','扁平化配置: "model_epoch" = 100',1,'2025-07-27 10:22:22','2025-07-27 10:22:22','system','system',1),('6e8e0181-ac53-4124-bc5c-021bc44e3165','a17edf8d-83a0-4dcc-91e5-ed64b945918f','main_config_1753582925721',10,0,'"trial_N_neighbour"','10','Integer','optimizeParam','扁平化配置: "trial_N_neighbour" = 10',10,'2025-07-27 10:22:20','2025-07-27 10:22:20','system','system',1),('6f3fa0b4-29f4-4762-86e4-41e7c9d24c14','a17edf8d-83a0-4dcc-91e5-ed64b945918f','main_config_1753582925721',5,0,'"similarDistanceEdt"','0.15','Double','optimizeParam','扁平化配置: "similarDistanceEdt" = 0.15',5,'2025-07-27 10:22:19','2025-07-27 10:22:19','system','system',1),('74e4f442-8c39-4f4b-b94b-17d6d198a23b','a17edf8d-83a0-4dcc-91e5-ed64b945918f','main_config_1753582925721',4,0,'"population_n"','100','Integer','optimizeParam','扁平化配置: "population_n" = 100',4,'2025-07-27 10:22:19','2025-07-27 10:22:19','system','system',1),('76cc6bc6-372b-45bb-9999-bdbe4d9e7a0d','5dae572c-7a8e-495e-a04b-7951c72eea04','main_config_1753582925721',1,0,'"scalars"','[{"value":[[{"value":"scalar_id","type":"str"},{"value":1,"type":"int"}],[{"value":"name","type":"str"},{"value":"A","type":"str"}],[{"value":"type","type":"str"},{"value":"from_curve","type":"str"}],[{"value":"operator","type":"str"},{"value":"Min","type":"str"}],[{"value":"frequency_range","type":"str"},{"value":[{"value":28.5,"type":"float"},{"value":31.5,"type":"float"}],"type":"list"}],[{"value":"bw_base","type":"str"},{"value":"None","type":"NoneType"}],[{"value":"source_info","type":"str"},{"value":[[{"value":"source_id","type":"str"},{"value":1,"type":"int"}],[{"value":"id","type":"str"},{"value":"target1","type":"str"}],[{"value":"data_source_type","type":"str"},{"value":"curve","type":"str"}],[{"value":"name","type":"str"},{"value":"1D Results\\\\S-Parameters\\\\S2,1","type":"str"}],[{"value":"data_dimension","type":"str"},{"value":1001,"type":"int"}],[{"value":"start_point","type":"str"},{"value":0,"type":"int"}],[{"value":"end_point","type":"str"},{"value":1001,"type":"int"}]],"type":"advanced_dict"}]],"type":"advanced_dict"}]','String','targetEditorDict','扁平化配置: "scalars" = [{"value":[[{"value":"scalar_id","type":"str"},{"value":1,"type":"int"}],[{"value":"name","type":"str"},{"value":"A","type":"str"}],[{"value":"type","type":"str"},{"value":"from_curve","type":"str"}],[{"value":"operator","type":"str"},{"value":"Min","type":"str"}],[{"value":"frequency_range","type":"str"},{"value":[{"value":28.5,"type":"float"},{"value":31.5,"type":"float"}],"type":"list"}],[{"value":"bw_base","type":"str"},...',1,'2025-07-27 10:22:29','2025-07-27 10:22:29','system','system',1),('841672f7-ab1f-4604-a91f-3ab606da71d7','7d396ad5-afd7-471f-8d35-d8acb8d9e862','main_config_1753582925721',10,0,'"X1"','7','Integer','variableDict','扁平化配置: "X1" = 7',10,'2025-07-27 10:22:27','2025-07-27 10:22:27','system','system',1),('85f81c16-c809-4836-a958-9d2f9f98ed95','7d396ad5-afd7-471f-8d35-d8acb8d9e862','main_config_1753582925721',11,0,'"X2"','8','Integer','variableDict','扁平化配置: "X2" = 8',11,'2025-07-27 10:22:27','2025-07-27 10:22:27','system','system',1),('930f4068-f28b-4331-b0d0-b797c47bf440','7d396ad5-afd7-471f-8d35-d8acb8d9e862','main_config_1753582925721',6,0,'"m_DGS"','3','Integer','variableDict','扁平化配置: "m_DGS" = 3',6,'2025-07-27 10:22:26','2025-07-27 10:22:26','system','system',1),('95a4a25b-a754-4720-baa0-944498434a98','a17edf8d-83a0-4dcc-91e5-ed64b945918f','main_config_1753582925721',3,0,'"alpha"','0.9','Double','optimizeParam','扁平化配置: "alpha" = 0.9',3,'2025-07-27 10:22:19','2025-07-27 10:22:19','system','system',1),('991a7a10-ebfd-411e-8f74-c6f59608476b','89226294-1f4c-4236-b0e9-b0fb40248947','main_config_1753582925721',5,0,'"update_method"','"每次更新重新训练"','String','trainingParam','扁平化配置: "update_method" = "每次更新重新训练"',5,'2025-07-27 10:22:23','2025-07-27 10:22:23','system','system',1),('9bb2e2ef-6eff-4567-beab-80da8a50d96f','7d396ad5-afd7-471f-8d35-d8acb8d9e862','main_config_1753582925721',4,0,'"R_via"','1','Integer','variableDict','扁平化配置: "R_via" = 1',4,'2025-07-27 10:22:25','2025-07-27 10:22:25','system','system',1),('9e798767-3bde-4fbc-998b-560916495aff','89226294-1f4c-4236-b0e9-b0fb40248947','main_config_1753582925721',11,0,'"selected_model_param"','[[{"value":"resnet_lr","type":"str"},{"value":0.001,"type":"float"}],[{"value":"fc_lr","type":"str"},{"value":0.001,"type":"float"}],[{"value":"upsample_size","type":"str"},{"value":"64","type":"str"}],[{"value":"split_mat_as_fragment_shape","type":"str"},{"value":false,"type":"bool"}],[{"value":"pretrained","type":"str"},{"value":true,"type":"bool"}],[{"value":"model_depth","type":"str"},{"value":"50","type":"str"}]]','String','trainingParam','扁平化配置: "selected_model_param" = [[{"value":"resnet_lr","type":"str"},{"value":0.001,"type":"float"}],[{"value":"fc_lr","type":"str"},{"value":0.001,"type":"float"}],[{"value":"upsample_size","type":"str"},{"value":"64","type":"str"}],[{"value":"split_mat_as_fragment_shape","type":"str"},{"value":false,"type":"bool"}],[{"value":"pretrained","type":"str"},{"value":true,"type":"bool"}],[{"value":"model_depth","type":"str"},{"value":"50","type":"s...',11,'2025-07-27 10:22:24','2025-07-27 10:22:24','system','system',1),('9fb5e1d6-6ce3-46c7-97b4-1570081ca702','79fa865e-8532-4415-90dc-7b1fd8946f21','main_config_1753582925721',0,0,'"optimization_iter_n"','100','Integer','globalParam','扁平化配置: "optimization_iter_n" = 100',0,'2025-07-27 10:22:16','2025-07-27 10:22:16','system','system',1),('a4a975a6-8989-40f3-b6d2-a84dd28632a4','5466b4df-de11-4f85-8f4d-1904b74b2e47','main_config_1753582925721',0,0,'"auto_resume"','true','Boolean','conf','扁平化配置: "auto_resume" = true',0,'2025-07-27 10:22:07','2025-07-27 10:22:07','system','system',1),('b206a8d2-3d22-4b92-948c-34920b2ccb0b','a17edf8d-83a0-4dcc-91e5-ed64b945918f','main_config_1753582925721',12,0,'"neighbour_size"','0.01','Double','optimizeParam','扁平化配置: "neighbour_size" = 0.01',12,'2025-07-27 10:22:21','2025-07-27 10:22:21','system','system',1),('b235ace1-fc74-46c2-b367-8c751c8789d9','5dae572c-7a8e-495e-a04b-7951c72eea04','main_config_1753582925721',2,0,'"targets"','[{"value":[[{"value":"target_id","type":"str"},{"value":1,"type":"int"}],[{"value":"operator","type":"str"},{"value":"Minimize","type":"str"}],[{"value":"goal","type":"str"},{"value":-15,"type":"float"}],[{"value":"weight","type":"str"},{"value":1,"type":"float"}],[{"value":"using_robust_optimization","type":"str"},{"value":false,"type":"bool"}],[{"value":"scalar","type":"str"},{"value":[[{"value":"scalar_id","type":"str"},{"value":1,"type":"int"}],[{"value":"name","type":"str"},{"value":"A","type":"str"}],[{"value":"type","type":"str"},{"value":"from_curve","type":"str"}],[{"value":"operator","type":"str"},{"value":"Min","type":"str"}],[{"value":"frequency_range","type":"str"},{"value":[{"value":28.5,"type":"float"},{"value":31.5,"type":"float"}],"type":"list"}],[{"value":"bw_base","type":"str"},{"value":"None","type":"NoneType"}],[{"value":"source_info","type":"str"},{"value":[[{"value":"source_id","type":"str"},{"value":1,"type":"int"}],[{"value":"id","type":"str"},{"value":"target1","type":"str"}],[{"value":"data_source_type","type":"str"},{"value":"curve","type":"str"}],[{"value":"name","type":"str"},{"value":"1D Results\\\\S-Parameters\\\\S2,1","type":"str"}],[{"value":"data_dimension","type":"str"},{"value":1001,"type":"int"}],[{"value":"start_point","type":"str"},{"value":0,"type":"int"}],[{"value":"end_point","type":"str"},{"value":1001,"type":"int"}]],"type":"advanced_dict"}]],"type":"advanced_dict"}]],"type":"advanced_dict"}]','String','targetEditorDict','扁平化配置: "targets" = [{"value":[[{"value":"target_id","type":"str"},{"value":1,"type":"int"}],[{"value":"operator","type":"str"},{"value":"Minimize","type":"str"}],[{"value":"goal","type":"str"},{"value":-15,"type":"float"}],[{"value":"weight","type":"str"},{"value":1,"type":"float"}],[{"value":"using_robust_optimization","type":"str"},{"value":false,"type":"bool"}],[{"value":"scalar","type":"str"},{"value":[[{"value":"scalar_id","type":"str"},{...',2,'2025-07-27 10:22:29','2025-07-27 10:22:29','system','system',1),('b6dba2ea-bd85-44ef-9083-0c1ab9e8f436','7d396ad5-afd7-471f-8d35-d8acb8d9e862','main_config_1753582925721',12,0,'"W_GND"','9','Integer','variableDict','扁平化配置: "W_GND" = 9',12,'2025-07-27 10:22:27','2025-07-27 10:22:27','system','system',1),('b74135cd-9c49-4308-b2e5-3ea5599a5ec2','79fa865e-8532-4415-90dc-7b1fd8946f21','main_config_1753582925721',4,0,'"using_distance_target"','true','Boolean','globalParam','扁平化配置: "using_distance_target" = true',4,'2025-07-27 10:22:17','2025-07-27 10:22:17','system','system',1),('bcd825d4-7ce2-474a-8f60-a8aab7248778','a17edf8d-83a0-4dcc-91e5-ed64b945918f','main_config_1753582925721',9,0,'"fix_range_num"','5','Integer','optimizeParam','扁平化配置: "fix_range_num" = 5',9,'2025-07-27 10:22:20','2025-07-27 10:22:20','system','system',1),('c56d2938-181e-4eb4-9035-5d2e848eadbf','5466b4df-de11-4f85-8f4d-1904b74b2e47','main_config_1753582925721',1,0,'"target"','[[{"value":"s21te0_g1","type":"str"},{"value":[[{"value":"function_name","type":"str"},{"value":"target1","type":"str"}],[{"value":"frequency_range","type":"str"},{"value":[{"value":1,"type":"float"},{"value":2,"type":"float"}],"type":"list"}],[{"value":"optimize_type","type":"str"},{"value":"maxmin","type":"str"}],[{"value":"predict_method","type":"str"},{"value":1001,"type":"int"}],[{"value":"expected_value","type":"str"},{"value":-0.2,"type":"float"}]],"type":"advanced_dict"}]]','String','conf','扁平化配置: "target" = [[{"value":"s21te0_g1","type":"str"},{"value":[[{"value":"function_name","type":"str"},{"value":"target1","type":"str"}],[{"value":"frequency_range","type":"str"},{"value":[{"value":1,"type":"float"},{"value":2,"type":"float"}],"type":"list"}],[{"value":"optimize_type","type":"str"},{"value":"maxmin","type":"str"}],[{"value":"predict_method","type":"str"},{"value":1001,"type":"int"}],[{"value":"expected_value","type":"str"},{...',1,'2025-07-27 10:22:07','2025-07-27 10:22:07','system','system',1),('cda1f22f-080e-4dc9-9417-dc0e63e058a3','5dae572c-7a8e-495e-a04b-7951c72eea04','main_config_1753582925721',0,0,'"data_source"','[{"value":[[{"value":"source_id","type":"str"},{"value":1,"type":"int"}],[{"value":"id","type":"str"},{"value":"target1","type":"str"}],[{"value":"data_source_type","type":"str"},{"value":"curve","type":"str"}],[{"value":"name","type":"str"},{"value":"1D Results\\\\S-Parameters\\\\S2,1","type":"str"}],[{"value":"data_dimension","type":"str"},{"value":1001,"type":"int"}],[{"value":"start_point","type":"str"},{"value":0,"type":"int"}],[{"value":"end_point","type":"str"},{"value":1001,"type":"int"}]],"type":"advanced_dict"}]','String','targetEditorDict','扁平化配置: "data_source" = [{"value":[[{"value":"source_id","type":"str"},{"value":1,"type":"int"}],[{"value":"id","type":"str"},{"value":"target1","type":"str"}],[{"value":"data_source_type","type":"str"},{"value":"curve","type":"str"}],[{"value":"name","type":"str"},{"value":"1D Results\\\\S-Parameters\\\\S2,1","type":"str"}],[{"value":"data_dimension","type":"str"},{"value":1001,"type":"int"}],[{"value":"start_point","type":"str"},{"value":0,"type"...',0,'2025-07-27 10:22:29','2025-07-27 10:22:29','system','system',1),('d2f8f4ca-dda2-40dc-8199-315a7fe31f5d','7d396ad5-afd7-471f-8d35-d8acb8d9e862','main_config_1753582925721',13,0,'"H_GND2"','10','Integer','variableDict','扁平化配置: "H_GND2" = 10',13,'2025-07-27 10:22:27','2025-07-27 10:22:27','system','system',1),('d38d1d8e-5ec6-4bfc-84f8-e1ec87a6d514','7d396ad5-afd7-471f-8d35-d8acb8d9e862','main_config_1753582925721',7,0,'"n_DGS"','4','Integer','variableDict','扁平化配置: "n_DGS" = 4',7,'2025-07-27 10:22:26','2025-07-27 10:22:26','system','system',1),('d553542f-1ece-4dc5-aecf-4ab4aa9f0457','7d396ad5-afd7-471f-8d35-d8acb8d9e862','main_config_1753582925721',3,0,'"R_pan"','0','Integer','variableDict','扁平化配置: "R_pan" = 0',3,'2025-07-27 10:22:25','2025-07-27 10:22:25','system','system',1),('d56cbb51-7001-4321-b23c-e2bad5d724b3','89226294-1f4c-4236-b0e9-b0fb40248947','main_config_1753582925721',7,0,'"check_val_every_n_epoch"','1','Integer','trainingParam','扁平化配置: "check_val_every_n_epoch" = 1',7,'2025-07-27 10:22:23','2025-07-27 10:22:23','system','system',1),('de067e13-e75b-44c5-81f1-f68b02ea8c2f','7d396ad5-afd7-471f-8d35-d8acb8d9e862','main_config_1753582925721',9,0,'"D_DGS"','6','Integer','variableDict','扁平化配置: "D_DGS" = 6',9,'2025-07-27 10:22:26','2025-07-27 10:22:26','system','system',1),('e109b5f6-f461-4fd4-9cb0-51631868858b','a17edf8d-83a0-4dcc-91e5-ed64b945918f','main_config_1753582925721',0,0,'"T0"','100','Integer','optimizeParam','扁平化配置: "T0" = 100',0,'2025-07-27 10:22:18','2025-07-27 10:22:18','system','system',1),('e1fa75bb-6fd3-4871-90ee-0eb450408e3d','7d396ad5-afd7-471f-8d35-d8acb8d9e862','main_config_1753582925721',14,0,'"H_GND3"','11','Integer','variableDict','扁平化配置: "H_GND3" = 11',14,'2025-07-27 10:22:27','2025-07-27 10:22:27','system','system',1),('eab0ea0b-991a-4412-9af5-b4c6ea1afff7','a17edf8d-83a0-4dcc-91e5-ed64b945918f','main_config_1753582925721',11,0,'"tral_N_line_search"','10','Integer','optimizeParam','扁平化配置: "tral_N_line_search" = 10',11,'2025-07-27 10:22:20','2025-07-27 10:22:20','system','system',1),('ecbfc947-87ab-471b-af3c-21134f1f6b20','a17edf8d-83a0-4dcc-91e5-ed64b945918f','main_config_1753582925721',13,0,'"SurrogateMethod"','[[{"value":"algorithm","type":"str"},{"value":"TopK","type":"str"}],[{"value":"param","type":"str"},{"value":[[{"value":"N","type":"str"},{"value":10,"type":"int"}]],"type":"advanced_dict"}]]','String','optimizeParam','扁平化配置: "SurrogateMethod" = [[{"value":"algorithm","type":"str"},{"value":"TopK","type":"str"}],[{"value":"param","type":"str"},{"value":[[{"value":"N","type":"str"},{"value":10,"type":"int"}]],"type":"advanced_dict"}]]',13,'2025-07-27 10:22:21','2025-07-27 10:22:21','system','system',1),('f98f4c1d-42c2-4505-b45d-69a9cd457fdb','a17edf8d-83a0-4dcc-91e5-ed64b945918f','main_config_1753582925721',14,0,'"surrogate_method_param"','[[{"value":"N","type":"str"},{"value":10,"type":"int"}]]','String','optimizeParam','扁平化配置: "surrogate_method_param" = [[{"value":"N","type":"str"},{"value":10,"type":"int"}]]',14,'2025-07-27 10:22:21','2025-07-27 10:22:21','system','system',1),('fb8821e2-f64d-4541-a59d-68e5152456e7','a17edf8d-83a0-4dcc-91e5-ed64b945918f','main_config_1753582925721',2,0,'"delta"','0.1','Double','optimizeParam','扁平化配置: "delta" = 0.1',2,'2025-07-27 10:22:18','2025-07-27 10:22:18','system','system',1);
-- tb_config_parameter DML
INSERT INTO `tb_config_parameter` (`id`,`complex_config_id`,`main_config_id`,`param_key`,`param_value`,`param_type`,`param_group`,`description`,`sort_order`,`create_time`,`update_time`,`create_by`,`update_by`,`status`) VALUES ('027c6bbb-2c5c-4999-9f45-e64759df8118','79fa865e-8532-4415-90dc-7b1fd8946f21','main_config_1753582925721','"initial_sample_number"','100','Integer','globalParam',NULL,2,'2025-07-27 10:22:17','2025-07-27 10:22:17','system','system',1),('07edbd9c-3091-401a-9e1e-4a02e07c27e3','79fa865e-8532-4415-90dc-7b1fd8946f21','main_config_1753582925721','"using_soft_distance_target"','true','Boolean','globalParam',NULL,3,'2025-07-27 10:22:17','2025-07-27 10:22:17','system','system',1),('08abb744-95e9-465b-80c2-3ea1c7c50b97','5dae572c-7a8e-495e-a04b-7951c72eea04','main_config_1753582925721','"scalars"','[{"value":[[{"value":"scalar_id","type":"str"},{"value":1,"type":"int"}],[{"value":"name","type":"str"},{"value":"A","type":"str"}],[{"value":"type","type":"str"},{"value":"from_curve","type":"str"}],[{"value":"operator","type":"str"},{"value":"Min","type":"str"}],[{"value":"frequency_range","type":"str"},{"value":[{"value":28.5,"type":"float"},{"value":31.5,"type":"float"}],"type":"list"}],[{"value":"bw_base","type":"str"},{"value":"None","type":"NoneType"}],[{"value":"source_info","type":"str"},{"value":[[{"value":"source_id","type":"str"},{"value":1,"type":"int"}],[{"value":"id","type":"str"},{"value":"target1","type":"str"}],[{"value":"data_source_type","type":"str"},{"value":"curve","type":"str"}],[{"value":"name","type":"str"},{"value":"1D Results\\\\S-Parameters\\\\S2,1","type":"str"}],[{"value":"data_dimension","type":"str"},{"value":1001,"type":"int"}],[{"value":"start_point","type":"str"},{"value":0,"type":"int"}],[{"value":"end_point","type":"str"},{"value":1001,"type":"int"}]],"type":"advanced_dict"}]],"type":"advanced_dict"}]','String','targetEditorDict',NULL,1,'2025-07-27 10:22:29','2025-07-27 10:22:29','system','system',1),('090ca320-989f-45cf-8925-067078149850','7d396ad5-afd7-471f-8d35-d8acb8d9e862','main_config_1753582925721','"R_via"','1','Integer','variableDict',NULL,4,'2025-07-27 10:22:25','2025-07-27 10:22:25','system','system',1),('0c3513c1-c97f-4be6-a74b-a0d88a530adc','7d396ad5-afd7-471f-8d35-d8acb8d9e862','main_config_1753582925721','"W_DGS"','5','Integer','variableDict',NULL,8,'2025-07-27 10:22:26','2025-07-27 10:22:26','system','system',1),('0e908c5b-e5c8-4509-a9d5-da59a4eecfc8','7d396ad5-afd7-471f-8d35-d8acb8d9e862','main_config_1753582925721','"H_LINE"','15','Integer','variableDict',NULL,18,'2025-07-27 10:22:28','2025-07-27 10:22:28','system','system',1),('0ea20de5-c622-4a2b-a22d-9e16d317a0bb','f2502c34-c2bc-422c-a4ac-a1a9472a15fb','main_config_1753582925721','"data_target"','[[{"value":"s21te0_g1","type":"str"},{"value":[[{"value":"function_name","type":"str"},{"value":"target1","type":"str"}],[{"value":"frequency_range","type":"str"},{"value":[{"value":1,"type":"float"},{"value":2,"type":"float"}],"type":"list"}],[{"value":"optimize_type","type":"str"},{"value":"maxmin","type":"str"}],[{"value":"predict_method","type":"str"},{"value":1001,"type":"int"}],[{"value":"expected_value","type":"str"},{"value":-0.2,"type":"float"}]],"type":"advanced_dict"}]]','String','originDataTargetConf',NULL,1,'2025-07-27 10:22:08','2025-07-27 10:22:08','system','system',1),('0f81df42-1b7d-4cd9-8167-3d58c227ff7d','89226294-1f4c-4236-b0e9-b0fb40248947','main_config_1753582925721','"model_update_epoch"','100','Integer','trainingParam',NULL,3,'2025-07-27 10:22:22','2025-07-27 10:22:22','system','system',1),('11dcc3f8-bb4e-475f-bd03-98511eda08d4','7d396ad5-afd7-471f-8d35-d8acb8d9e862','main_config_1753582925721','"L_GND"','13','Integer','variableDict',NULL,16,'2025-07-27 10:22:28','2025-07-27 10:22:28','system','system',1),('172f4e52-3166-439a-8760-48339774bd52','f2502c34-c2bc-422c-a4ac-a1a9472a15fb','main_config_1753582925721','"auto_resume"','true','Boolean','originDataTargetConf',NULL,0,'2025-07-27 10:22:07','2025-07-27 10:22:07','system','system',1),('17711219-7154-410a-9989-264b546002f0','89226294-1f4c-4236-b0e9-b0fb40248947','main_config_1753582925721','"train_from_scratch_n"','5','Integer','trainingParam',NULL,6,'2025-07-27 10:22:23','2025-07-27 10:22:23','system','system',1),('18175084-a609-4a69-8e54-42aa5358492b','a17edf8d-83a0-4dcc-91e5-ed64b945918f','main_config_1753582925721','"neighbour_size"','0.01','Double','optimizeParam',NULL,12,'2025-07-27 10:22:21','2025-07-27 10:22:21','system','system',1),('19cb0946-a622-43cc-8ccd-78bc9086fe81','a17edf8d-83a0-4dcc-91e5-ed64b945918f','main_config_1753582925721','"re_annealing_iter"','100','Integer','optimizeParam',NULL,7,'2025-07-27 10:22:20','2025-07-27 10:22:20','system','system',1),('1bf37e39-55bc-4610-897d-a45ce08be66e','7d396ad5-afd7-471f-8d35-d8acb8d9e862','main_config_1753582925721','"H_GND2"','10','Integer','variableDict',NULL,13,'2025-07-27 10:22:27','2025-07-27 10:22:27','system','system',1),('2b8181a6-6e89-4504-ab4d-619d3e340235','5dae572c-7a8e-495e-a04b-7951c72eea04','main_config_1753582925721','"targets"','[{"value":[[{"value":"target_id","type":"str"},{"value":1,"type":"int"}],[{"value":"operator","type":"str"},{"value":"Minimize","type":"str"}],[{"value":"goal","type":"str"},{"value":-15,"type":"float"}],[{"value":"weight","type":"str"},{"value":1,"type":"float"}],[{"value":"using_robust_optimization","type":"str"},{"value":false,"type":"bool"}],[{"value":"scalar","type":"str"},{"value":[[{"value":"scalar_id","type":"str"},{"value":1,"type":"int"}],[{"value":"name","type":"str"},{"value":"A","type":"str"}],[{"value":"type","type":"str"},{"value":"from_curve","type":"str"}],[{"value":"operator","type":"str"},{"value":"Min","type":"str"}],[{"value":"frequency_range","type":"str"},{"value":[{"value":28.5,"type":"float"},{"value":31.5,"type":"float"}],"type":"list"}],[{"value":"bw_base","type":"str"},{"value":"None","type":"NoneType"}],[{"value":"source_info","type":"str"},{"value":[[{"value":"source_id","type":"str"},{"value":1,"type":"int"}],[{"value":"id","type":"str"},{"value":"target1","type":"str"}],[{"value":"data_source_type","type":"str"},{"value":"curve","type":"str"}],[{"value":"name","type":"str"},{"value":"1D Results\\\\S-Parameters\\\\S2,1","type":"str"}],[{"value":"data_dimension","type":"str"},{"value":1001,"type":"int"}],[{"value":"start_point","type":"str"},{"value":0,"type":"int"}],[{"value":"end_point","type":"str"},{"value":1001,"type":"int"}]],"type":"advanced_dict"}]],"type":"advanced_dict"}]],"type":"advanced_dict"}]','String','targetEditorDict',NULL,2,'2025-07-27 10:22:29','2025-07-27 10:22:29','system','system',1),('2d952a53-9ea8-4dc9-9df5-08364ea50c00','7d396ad5-afd7-471f-8d35-d8acb8d9e862','main_config_1753582925721','"n_DGS"','4','Integer','variableDict',NULL,7,'2025-07-27 10:22:26','2025-07-27 10:22:26','system','system',1),('3399f70c-4a3c-4120-842f-9304c8cee4d7','89226294-1f4c-4236-b0e9-b0fb40248947','main_config_1753582925721','"selected_model_param"','[[{"value":"resnet_lr","type":"str"},{"value":0.001,"type":"float"}],[{"value":"fc_lr","type":"str"},{"value":0.001,"type":"float"}],[{"value":"upsample_size","type":"str"},{"value":"64","type":"str"}],[{"value":"split_mat_as_fragment_shape","type":"str"},{"value":false,"type":"bool"}],[{"value":"pretrained","type":"str"},{"value":true,"type":"bool"}],[{"value":"model_depth","type":"str"},{"value":"50","type":"str"}]]','String','trainingParam',NULL,11,'2025-07-27 10:22:24','2025-07-27 10:22:24','system','system',1),('3baf2993-b37b-4d86-8d32-340265bd26fb','a17edf8d-83a0-4dcc-91e5-ed64b945918f','main_config_1753582925721','"T_min"','10','Integer','optimizeParam',NULL,1,'2025-07-27 10:22:18','2025-07-27 10:22:18','system','system',1),('3e87f90e-9e23-4248-9402-037149b8fc79','89226294-1f4c-4236-b0e9-b0fb40248947','main_config_1753582925721','"update_method"','"每次更新重新训练"','String','trainingParam',NULL,5,'2025-07-27 10:22:23','2025-07-27 10:22:23','system','system',1),('40316484-8f8b-4b30-a77b-95644eca261c','a17edf8d-83a0-4dcc-91e5-ed64b945918f','main_config_1753582925721','"T0"','100','Integer','optimizeParam',NULL,0,'2025-07-27 10:22:18','2025-07-27 10:22:18','system','system',1),('4152a89f-638c-483d-84ca-4076035636b8','5dae572c-7a8e-495e-a04b-7951c72eea04','main_config_1753582925721','"data_source"','[{"value":[[{"value":"source_id","type":"str"},{"value":1,"type":"int"}],[{"value":"id","type":"str"},{"value":"target1","type":"str"}],[{"value":"data_source_type","type":"str"},{"value":"curve","type":"str"}],[{"value":"name","type":"str"},{"value":"1D Results\\\\S-Parameters\\\\S2,1","type":"str"}],[{"value":"data_dimension","type":"str"},{"value":1001,"type":"int"}],[{"value":"start_point","type":"str"},{"value":0,"type":"int"}],[{"value":"end_point","type":"str"},{"value":1001,"type":"int"}]],"type":"advanced_dict"}]','String','targetEditorDict',NULL,0,'2025-07-27 10:22:29','2025-07-27 10:22:29','system','system',1),('4192fd8f-eb67-44d2-942b-884fb9db9e86','7d396ad5-afd7-471f-8d35-d8acb8d9e862','main_config_1753582925721','"W_LINE"','14','Integer','variableDict',NULL,17,'2025-07-27 10:22:28','2025-07-27 10:22:28','system','system',1),('4302d58d-007b-4fe1-afde-50cc395ada7f','a17edf8d-83a0-4dcc-91e5-ed64b945918f','main_config_1753582925721','"population_n"','100','Integer','optimizeParam',NULL,4,'2025-07-27 10:22:19','2025-07-27 10:22:19','system','system',1),('4353640d-d1a7-4478-8942-5f2cb274087c','89226294-1f4c-4236-b0e9-b0fb40248947','main_config_1753582925721','"model_epoch"','100','Integer','trainingParam',NULL,1,'2025-07-27 10:22:22','2025-07-27 10:22:22','system','system',1),('43f08ecb-2bd4-4c79-944f-1246b0c0d644','7d396ad5-afd7-471f-8d35-d8acb8d9e862','main_config_1753582925721','"l_DGS"','2','Integer','variableDict',NULL,5,'2025-07-27 10:22:26','2025-07-27 10:22:26','system','system',1),('4d19aaaf-7e4f-49fa-b58e-c71fb6eae9e0','89226294-1f4c-4236-b0e9-b0fb40248947','main_config_1753582925721','"pretrained_model_path"','"./lightning-resnet.ckpt"','String','trainingParam',NULL,9,'2025-07-27 10:22:24','2025-07-27 10:22:24','system','system',1),('4df95161-c98a-4571-8a76-096f2fbc9e32','7d396ad5-afd7-471f-8d35-d8acb8d9e862','main_config_1753582925721','"Distribution"','[{"value":"uniform","type":"str"},{"value":"uniform","type":"str"},{"value":"uniform","type":"str"},{"value":"uniform","type":"str"},{"value":"uniform","type":"str"},{"value":"uniform","type":"str"},{"value":"uniform","type":"str"},{"value":"uniform","type":"str"},{"value":"uniform","type":"str"},{"value":"uniform","type":"str"},{"value":"uniform","type":"str"},{"value":"uniform","type":"str"},{"value":"uniform","type":"str"},{"value":"uniform","type":"str"},{"value":"uniform","type":"str"},{"value":"uniform","type":"str"},{"value":"uniform","type":"str"}]','String','variableDict',NULL,2,'2025-07-27 10:22:25','2025-07-27 10:22:25','system','system',1),('4e749d7a-f3cd-46fb-9fcd-5b6ddbc2b4dc','89226294-1f4c-4236-b0e9-b0fb40248947','main_config_1753582925721','"train_model_from_scratch_or_not"','true','Boolean','trainingParam',NULL,0,'2025-07-27 10:22:22','2025-07-27 10:22:22','system','system',1),('51214d89-9182-4276-9a5c-7635ec62b9f6','a17edf8d-83a0-4dcc-91e5-ed64b945918f','main_config_1753582925721','"similarDistanceEdt"','0.15','Double','optimizeParam',NULL,5,'2025-07-27 10:22:19','2025-07-27 10:22:19','system','system',1),('5cbfcad0-74a6-4e51-ba31-6785a9037ac7','89226294-1f4c-4236-b0e9-b0fb40248947','main_config_1753582925721','"update_batch_size"','256','Integer','trainingParam',NULL,4,'2025-07-27 10:22:23','2025-07-27 10:22:23','system','system',1),('5d012535-c5c1-441c-8d36-f97ded90b157','5dae572c-7a8e-495e-a04b-7951c72eea04','main_config_1753582925721','"robust_analyses"','[]','String','targetEditorDict',NULL,3,'2025-07-27 10:22:30','2025-07-27 10:22:30','system','system',1),('5f008e09-4a48-4d80-9f4c-ebb7742ee730','a17edf8d-83a0-4dcc-91e5-ed64b945918f','main_config_1753582925721','"samplesPerGeneration"','10','Integer','optimizeParam',NULL,6,'2025-07-27 10:22:19','2025-07-27 10:22:19','system','system',1),('64f913de-3771-42cf-91c0-9408576d844b','a17edf8d-83a0-4dcc-91e5-ed64b945918f','main_config_1753582925721','"SurrogateMethod"','[[{"value":"algorithm","type":"str"},{"value":"TopK","type":"str"}],[{"value":"param","type":"str"},{"value":[[{"value":"N","type":"str"},{"value":10,"type":"int"}]],"type":"advanced_dict"}]]','String','optimizeParam',NULL,13,'2025-07-27 10:22:21','2025-07-27 10:22:21','system','system',1),('6db917e1-2ef1-49d1-9cf3-7120bf2ba35f','a17edf8d-83a0-4dcc-91e5-ed64b945918f','main_config_1753582925721','"surrogate_method_param"','[[{"value":"N","type":"str"},{"value":10,"type":"int"}]]','String','optimizeParam',NULL,14,'2025-07-27 10:22:21','2025-07-27 10:22:21','system','system',1),('73c7a177-bae8-47fd-b164-a4aeceaa9b53','a17edf8d-83a0-4dcc-91e5-ed64b945918f','main_config_1753582925721','"tral_N_line_search"','10','Integer','optimizeParam',NULL,11,'2025-07-27 10:22:21','2025-07-27 10:22:21','system','system',1),('7919f745-499f-4103-a080-a429a8628694','7d396ad5-afd7-471f-8d35-d8acb8d9e862','main_config_1753582925721','"H_LINEGND2"','16','Integer','variableDict',NULL,19,'2025-07-27 10:22:29','2025-07-27 10:22:29','system','system',1),('82e190fe-439b-4f44-b2c2-a58ae90a9d02','89226294-1f4c-4236-b0e9-b0fb40248947','main_config_1753582925721','"check_val_every_n_epoch"','1','Integer','trainingParam',NULL,7,'2025-07-27 10:22:23','2025-07-27 10:22:23','system','system',1),('8325a5a4-cf8d-4af4-9047-c577ff6e76e9','89226294-1f4c-4236-b0e9-b0fb40248947','main_config_1753582925721','"batch_size"','256','Integer','trainingParam',NULL,2,'2025-07-27 10:22:22','2025-07-27 10:22:22','system','system',1),('836ac4be-21ef-4f2e-8477-e2842bb46b40','a17edf8d-83a0-4dcc-91e5-ed64b945918f','main_config_1753582925721','"delta"','0.1','Double','optimizeParam',NULL,2,'2025-07-27 10:22:19','2025-07-27 10:22:19','system','system',1),('8a4a5fb3-e367-423b-86cc-ce17447e0b33','7d396ad5-afd7-471f-8d35-d8acb8d9e862','main_config_1753582925721','"X2"','8','Integer','variableDict',NULL,11,'2025-07-27 10:22:27','2025-07-27 10:22:27','system','system',1),('8ac8db57-b1d4-48b5-bbea-f9db3a11b233','7d396ad5-afd7-471f-8d35-d8acb8d9e862','main_config_1753582925721','"D_DGS"','6','Integer','variableDict',NULL,9,'2025-07-27 10:22:26','2025-07-27 10:22:26','system','system',1),('9380fcd7-bc49-46ee-bb5d-bd6cb584436c','7d396ad5-afd7-471f-8d35-d8acb8d9e862','main_config_1753582925721','"X1"','7','Integer','variableDict',NULL,10,'2025-07-27 10:22:27','2025-07-27 10:22:27','system','system',1),('99b9cd51-8141-47d2-a876-c53b2a944249','79fa865e-8532-4415-90dc-7b1fd8946f21','main_config_1753582925721','"optimization_iter_n"','100','Integer','globalParam',NULL,0,'2025-07-27 10:22:17','2025-07-27 10:22:17','system','system',1),('9a1d00ec-64f2-40af-9c82-81ecd477aa8c','5466b4df-de11-4f85-8f4d-1904b74b2e47','main_config_1753582925721','"auto_resume"','true','Boolean','conf',NULL,0,'2025-07-27 10:22:07','2025-07-27 10:22:07','system','system',1),('a07de1c2-81d3-4c98-a526-0eb428b4e8c6','89226294-1f4c-4236-b0e9-b0fb40248947','main_config_1753582925721','"transfer_learning_or_not"','false','Boolean','trainingParam',NULL,8,'2025-07-27 10:22:23','2025-07-27 10:22:23','system','system',1),('ac673049-549a-4912-bd26-d9a853123472','a17edf8d-83a0-4dcc-91e5-ed64b945918f','main_config_1753582925721','"alpha"','0.9','Double','optimizeParam',NULL,3,'2025-07-27 10:22:19','2025-07-27 10:22:19','system','system',1),('b0f3cb6f-8162-4c88-bef8-0b9c3d7ade08','79fa865e-8532-4415-90dc-7b1fd8946f21','main_config_1753582925721','"initialize_data"','false','Boolean','globalParam',NULL,1,'2025-07-27 10:22:17','2025-07-27 10:22:17','system','system',1),('b1641c1a-0529-4235-bf43-523727dcead4','a17edf8d-83a0-4dcc-91e5-ed64b945918f','main_config_1753582925721','"fix_range_num"','5','Integer','optimizeParam',NULL,9,'2025-07-27 10:22:20','2025-07-27 10:22:20','system','system',1),('c24728a9-2fbb-4a56-a6ae-e2695985764f','7d396ad5-afd7-471f-8d35-d8acb8d9e862','main_config_1753582925721','"m_DGS"','3','Integer','variableDict',NULL,6,'2025-07-27 10:22:26','2025-07-27 10:22:26','system','system',1),('c41e9eba-cca2-4a88-9abc-a95b7623b440','7d396ad5-afd7-471f-8d35-d8acb8d9e862','main_config_1753582925721','"GAP2"','12','Integer','variableDict',NULL,15,'2025-07-27 10:22:28','2025-07-27 10:22:28','system','system',1),('c4f55d9b-37a8-47a9-a294-8b7b08199396','7d396ad5-afd7-471f-8d35-d8acb8d9e862','main_config_1753582925721','"W_GND"','9','Integer','variableDict',NULL,12,'2025-07-27 10:22:27','2025-07-27 10:22:27','system','system',1),('c7b1a5f3-fb0f-425a-a201-650d66d9cba5','a17edf8d-83a0-4dcc-91e5-ed64b945918f','main_config_1753582925721','"using_re_annealing"','true','Boolean','optimizeParam',NULL,8,'2025-07-27 10:22:20','2025-07-27 10:22:20','system','system',1),('c85cc1db-7332-411f-b35f-3387ec30de6b','7d396ad5-afd7-471f-8d35-d8acb8d9e862','main_config_1753582925721','"Lower"','[{"value":8.9,"type":"float"},{"value":4,"type":"float"},{"value":8,"type":"float"},{"value":20,"type":"float"},{"value":4,"type":"float"},{"value":4,"type":"float"},{"value":4,"type":"float"},{"value":1.99,"type":"float"},{"value":1.99,"type":"float"},{"value":119,"type":"float"},{"value":0.59,"type":"float"},{"value":0.59,"type":"float"},{"value":8.19,"type":"float"},{"value":199,"type":"float"},{"value":2.25,"type":"float"},{"value":0.59,"type":"float"},{"value":1.9,"type":"float"}]','String','variableDict',NULL,0,'2025-07-27 10:22:25','2025-07-27 10:22:25','system','system',1),('d1da40e4-9caf-4a13-b636-d44bae2c2036','7d396ad5-afd7-471f-8d35-d8acb8d9e862','main_config_1753582925721','"H_GND3"','11','Integer','variableDict',NULL,14,'2025-07-27 10:22:27','2025-07-27 10:22:27','system','system',1),('d37bc61e-0f6d-4864-a6d9-53142ba52d15','a17edf8d-83a0-4dcc-91e5-ed64b945918f','main_config_1753582925721','"trial_N_neighbour"','10','Integer','optimizeParam',NULL,10,'2025-07-27 10:22:20','2025-07-27 10:22:20','system','system',1),('daf3289c-c2f1-4a16-833b-1a0c4d44aaf9','7d396ad5-afd7-471f-8d35-d8acb8d9e862','main_config_1753582925721','"R_pan"','0','Integer','variableDict',NULL,3,'2025-07-27 10:22:25','2025-07-27 10:22:25','system','system',1),('e824986a-3de6-4348-ba32-686c7d3f1da6','5466b4df-de11-4f85-8f4d-1904b74b2e47','main_config_1753582925721','"target"','[[{"value":"s21te0_g1","type":"str"},{"value":[[{"value":"function_name","type":"str"},{"value":"target1","type":"str"}],[{"value":"frequency_range","type":"str"},{"value":[{"value":1,"type":"float"},{"value":2,"type":"float"}],"type":"list"}],[{"value":"optimize_type","type":"str"},{"value":"maxmin","type":"str"}],[{"value":"predict_method","type":"str"},{"value":1001,"type":"int"}],[{"value":"expected_value","type":"str"},{"value":-0.2,"type":"float"}]],"type":"advanced_dict"}]]','String','conf',NULL,1,'2025-07-27 10:22:07','2025-07-27 10:22:07','system','system',1),('e93061db-dd1e-4cd0-9393-60aac99591c1','7d396ad5-afd7-471f-8d35-d8acb8d9e862','main_config_1753582925721','"Upper"','[{"value":9.1,"type":"float"},{"value":6,"type":"float"},{"value":28,"type":"float"},{"value":50,"type":"float"},{"value":40,"type":"float"},{"value":14,"type":"float"},{"value":76,"type":"float"},{"value":2.01,"type":"float"},{"value":2.01,"type":"float"},{"value":121,"type":"float"},{"value":0.79,"type":"float"},{"value":0.79,"type":"float"},{"value":10.19,"type":"float"},{"value":201,"type":"float"},{"value":4.25,"type":"float"},{"value":0.79,"type":"float"},{"value":3.9,"type":"float"}]','String','variableDict',NULL,1,'2025-07-27 10:22:25','2025-07-27 10:22:25','system','system',1),('f69b772e-fbd7-47bb-ac43-68117a9b4c9e','79fa865e-8532-4415-90dc-7b1fd8946f21','main_config_1753582925721','"using_distance_target"','true','Boolean','globalParam',NULL,4,'2025-07-27 10:22:17','2025-07-27 10:22:17','system','system',1),('f6bed738-4c17-4419-af10-a44ad83df334','89226294-1f4c-4236-b0e9-b0fb40248947','main_config_1753582925721','"LightningModel"','[[{"value":"algorithm","type":"str"},{"value":"LightningResNet","type":"str"}],[{"value":"param","type":"str"},{"value":[[{"value":"resnet_lr","type":"str"},{"value":0.001,"type":"float"}],[{"value":"fc_lr","type":"str"},{"value":0.001,"type":"float"}],[{"value":"upsample_size","type":"str"},{"value":"64","type":"str"}],[{"value":"split_mat_as_fragment_shape","type":"str"},{"value":false,"type":"bool"}],[{"value":"pretrained","type":"str"},{"value":true,"type":"bool"}],[{"value":"model_depth","type":"str"},{"value":"50","type":"str"}]],"type":"advanced_dict"}]]','String','trainingParam',NULL,10,'2025-07-27 10:22:24','2025-07-27 10:22:24','system','system',1);
-- tb_data_source DML
INSERT INTO `tb_data_source` (`id`,`sourceName`,`dimension`,`sourceType`,`createDate`,`createTime`,`start`,`end`) VALUES ('4c9c66dd759e4b5a80f9deb2e2034adf','1D Results\\S-Parameters\\S2,1','1001','curve','2025-08-09 22:52:09','1754751129','0','1001');
-- tb_global_param DML
INSERT INTO `tb_global_param` (`id`,`iteration_count`,`init_samples`,`sample_count`,`use_weighted_sum`,`use_max_diff`,`create_time`,`update_time`,`create_by`,`update_by`,`status`) VALUES ('default-global-param-001',100,0,100,1,0,'2025-08-08 18:14:57','2025-08-19 15:57:48',NULL,NULL,1);
-- tb_main_config DML
INSERT INTO `tb_main_config` (`id`,`config_name`,`description`,`config_json`,`create_time`,`update_time`,`create_by`,`update_by`,`status`) VALUES ('470424673db933be646d1384f958f23c','Config_1753582925583','从JSON文件导入的配置','{"vprobShapeModify":{"value":0.1,"type":"float"},"nmatPool":{"value":20000,"type":"int"},"main_conf_path":{"value":"","type":"str"},"load_trainer_optimizer_conf_from_file":{"value":0,"type":"int"},"initialize_data":{"value":0,"type":"int"},"dataset_autoresume":{"value":1,"type":"int"},"conf":{"value":[[{"value":"auto_resume","type":"str"},{"value":true,"type":"bool"}],[{"value":"target","type":"str"},{"value":[[{"value":"s21te0_g1","type":"str"},{"value":[[{"value":"function_name","type":"str"},{"value":"target1","type":"str"}],[{"value":"frequency_range","type":"str"},{"value":[{"value":1,"type":"float"},{"value":2,"type":"float"}],"type":"list"}],[{"value":"optimize_type","type":"str"},{"value":"maxmin","type":"str"}],[{"value":"predict_method","type":"str"},{"value":1001,"type":"int"}],[{"value":"expected_value","type":"str"},{"value":-0.2,"type":"float"}]],"type":"advanced_dict"}]],"type":"advanced_dict"}]],"type":"advanced_dict"},"origin_data_target_conf":{"value":[[{"value":"auto_resume","type":"str"},{"value":true,"type":"bool"}],[{"value":"data_target","type":"str"},{"value":[[{"value":"s21te0_g1","type":"str"},{"value":[[{"value":"function_name","type":"str"},{"value":"target1","type":"str"}],[{"value":"frequency_range","type":"str"},{"value":[{"value":1,"type":"float"},{"value":2,"type":"float"}],"type":"list"}],[{"value":"optimize_type","type":"str"},{"value":"maxmin","type":"str"}],[{"value":"predict_method","type":"str"},{"value":1001,"type":"int"}],[{"value":"expected_value","type":"str"},{"value":-0.2,"type":"float"}]],"type":"advanced_dict"}]],"type":"advanced_dict"}]],"type":"advanced_dict"},"fragment_conf":{"value":"{\\"fragment\\": {\\"0\\": {\\"no\\": 0, \\"type\\": 1, \\"var_num\\": 17, \\"range_constraints_list\\": [[8.9, 9.1], [4.0, 6.0], [8.0, 28.0], [20.0, 50.0], [4.0, 40.0], [4.0, 14.0], [4.0, 76.0], [1.99, 2.01], [1.99, 2.01], [119.0, 121.0], [0.59, 0.79], [0.59, 0.79], [8.19, 10.19], [199.0, 201.0], [2.25, 4.25], [0.59, 0.79], [1.9, 3.9]], \\"quantization_level_list\\": [10, 10, 10, 10, 10, 10, 10, 10, 10, 10, 10, 10, 10, 10, 10, 10, 10], \\"distribution\\": [\\"uniform\\", \\"uniform\\", \\"uniform\\", \\"uniform\\", \\"uniform\\", \\"uniform\\", \\"uniform\\", \\"uniform\\", \\"uniform\\", \\"uniform\\", \\"uniform\\", \\"uniform\\", \\"uniform\\", \\"uniform\\", \\"uniform\\", \\"uniform\\", \\"uniform\\"]}}}","type":"str"},"rows":{"value":16,"type":"int"},"columns":{"value":16,"type":"int"},"modifications":{"value":"None","type":"NoneType"},"using_filter":{"value":0,"type":"int"},"filter_type":{"value":2,"type":"int"},"filter_std":{"value":0.7,"type":"float"},"update_sampler_per_rounds":{"value":4,"type":"int"},"force_update_sampler_rounds":{"value":-1,"type":"int"},"random_weight_coeff":{"value":10,"type":"int"},"world_size":{"value":1,"type":"int"},"dist_backend":{"value":"nccl","type":"str"},"dist_url":{"value":"None","type":"NoneType"},"node_rank":{"value":0,"type":"int"},"sample_only":{"value":false,"type":"bool"},"number_for_sample_only":{"value":500,"type":"int"},"sampler_sequence_config":{"value":[],"type":"list"},"disable_training":{"value":0,"type":"int"},"load_old_dataset":{"value":true,"type":"bool"},"load_new_dataset":{"value":false,"type":"bool"},"criterion":{"value":"l2","type":"str"},"gpu":{"value":3,"type":"int"},"output_path":{"value":"D:/huawei_debug/分析异常数据比率/p_2","type":"str"},"conf_path":{"value":"./temp","type":"str"},"exp_name":{"value":"SimpleNet","type":"str"},"model_name":{"value":"resnet20","type":"str"},"save_model":{"value":true,"type":"bool"},"model_pretrained":{"value":true,"type":"bool"},"pseudo_ratio":{"value":0,"type":"int"},"save_data":{"value":true,"type":"bool"},"save_data_dir":{"value":"./temp","type":"str"},"lower_bound":{"value":-0.1,"type":"float"},"optimization_iter_n":{"value":100,"type":"int"},"neighbour_num":{"value":3,"type":"int"},"neighbour_size":{"value":10,"type":"int"},"neighbour_lifelong":{"value":10,"type":"int"},"print_freq":{"value":20,"type":"int"},"n_mat_pool":{"value":20000,"type":"int"},"min_filtered":{"value":100,"type":"int"},"max_search_iter":{"value":200,"type":"int"},"max_search_time":{"value":420,"type":"int"},"max_global_search_iter":{"value":200,"type":"int"},"max_local_search_iter":{"value":200,"type":"int"},"initial_sample_number":{"value":2,"type":"int"},"using_known_initial_point":{"value":false,"type":"bool"},"local_search_per_Nround":{"value":6,"type":"int"},"resample_number":{"value":200,"type":"int"},"similar_sample_tolerance":{"value":99,"type":"int"},"LDI_0_coeff":{"value":0.1,"type":"float"},"samples_per_generation":{"value":2,"type":"int"},"optim_method":{"value":"filter","type":"str"},"sampler_sequence_conf":{"value":[],"type":"list"},"adapt_weight_smooth_coeff":{"value":1,"type":"int"},"using_soft_distance_target":{"value":false,"type":"bool"},"using_distance_target":{"value":true,"type":"bool"},"max_mutate_length_ratio_shape_modify":{"value":0.1,"type":"float"},"add_mutate_layer_shape_modify":{"value":false,"type":"bool"},"mutate_layer_max_changed_pixel_ratio_shape_modify":{"value":0.1,"type":"float"},"v_prob_shape_modify":{"value":0.1,"type":"float"},"using_adapt_weight":{"value":true,"type":"bool"},"adapt_weight_min_weight_prop":{"value":4,"type":"int"},"using_polyfit":{"value":0,"type":"int"},"training_ratio":{"value":0.8,"type":"float"},"validation_ratio":{"value":0.1,"type":"float"},"lr":{"value":0.001,"type":"float"},"epoch":{"value":300,"type":"int"},"batch_size":{"value":128,"type":"int"},"weight_decay":{"value":0,"type":"int"},"train_from_scratch_per_rounds":{"value":10,"type":"int"},"train_from_scratch_epoch":{"value":1000,"type":"int"},"train_from_scratch_lr":{"value":0.001,"type":"float"},"training_only":{"value":0,"type":"int"},"optimizer":{"value":"Adam","type":"str"},"matrix_size0":{"value":16,"type":"int"},"matrix_size1":{"value":16,"type":"int"},"pareto_loss_coeff":{"value":0.9,"type":"float"},"optimize_method":{"value":"SimulatedAnnealing","type":"str"},"fastapi_port":{"value":8000,"type":"int"},"Cell_num_list":{"value":[{"value":[{"value":32,"type":"int"},{"value":32,"type":"int"}],"type":"list"}],"type":"list"},"global_method":{"value":"global_no_algorithm","type":"str"},"global_param":{"value":[[{"value":"optimization_iter_n","type":"str"},{"value":100,"type":"int"}],[{"value":"initialize_data","type":"str"},{"value":false,"type":"bool"}],[{"value":"initial_sample_number","type":"str"},{"value":100,"type":"int"}],[{"value":"using_soft_distance_target","type":"str"},{"value":true,"type":"bool"}],[{"value":"using_distance_target","type":"str"},{"value":true,"type":"bool"}]],"type":"advanced_dict"},"sample_method":{"value":"VariableSample","type":"str"},"sample_param":{"value":[],"type":"advanced_dict"},"surrogate_method":{"value":"TopK","type":"str"},"optimize_param":{"value":[[{"value":"T0","type":"str"},{"value":100,"type":"int"}],[{"value":"T_min","type":"str"},{"value":10,"type":"int"}],[{"value":"delta","type":"str"},{"value":0.1,"type":"float"}],[{"value":"alpha","type":"str"},{"value":0.9,"type":"float"}],[{"value":"population_n","type":"str"},{"value":100,"type":"int"}],[{"value":"similarDistanceEdt","type":"str"},{"value":0.15,"type":"float"}],[{"value":"samplesPerGeneration","type":"str"},{"value":10,"type":"int"}],[{"value":"re_annealing_iter","type":"str"},{"value":100,"type":"int"}],[{"value":"using_re_annealing","type":"str"},{"value":true,"type":"bool"}],[{"value":"fix_range_num","type":"str"},{"value":5,"type":"int"}],[{"value":"trial_N_neighbour","type":"str"},{"value":10,"type":"int"}],[{"value":"tral_N_line_search","type":"str"},{"value":10,"type":"int"}],[{"value":"neighbour_size","type":"str"},{"value":0.01,"type":"float"}],[{"value":"SurrogateMethod","type":"str"},{"value":[[{"value":"algorithm","type":"str"},{"value":"TopK","type":"str"}],[{"value":"param","type":"str"},{"value":[[{"value":"N","type":"str"},{"value":10,"type":"int"}]],"type":"advanced_dict"}]],"type":"advanced_dict"}],[{"value":"surrogate_method_param","type":"str"},{"value":[[{"value":"N","type":"str"},{"value":10,"type":"int"}]],"type":"advanced_dict"}]],"type":"advanced_dict"},"selected_model":{"value":"LightningResNet","type":"str"},"predict_method":{"value":"LightningKEP","type":"str"},"training_param":{"value":[[{"value":"train_model_from_scratch_or_not","type":"str"},{"value":true,"type":"bool"}],[{"value":"model_epoch","type":"str"},{"value":100,"type":"int"}],[{"value":"batch_size","type":"str"},{"value":256,"type":"int"}],[{"value":"model_update_epoch","type":"str"},{"value":100,"type":"int"}],[{"value":"update_batch_size","type":"str"},{"value":256,"type":"int"}],[{"value":"update_method","type":"str"},{"value":"每次更新重新训练","type":"str"}],[{"value":"train_from_scratch_n","type":"str"},{"value":5,"type":"int"}],[{"value":"check_val_every_n_epoch","type":"str"},{"value":1,"type":"int"}],[{"value":"transfer_learning_or_not","type":"str"},{"value":false,"type":"bool"}],[{"value":"pretrained_model_path","type":"str"},{"value":"./lightning-resnet.ckpt","type":"str"}],[{"value":"LightningModel","type":"str"},{"value":[[{"value":"algorithm","type":"str"},{"value":"LightningResNet","type":"str"}],[{"value":"param","type":"str"},{"value":[[{"value":"resnet_lr","type":"str"},{"value":0.001,"type":"float"}],[{"value":"fc_lr","type":"str"},{"value":0.001,"type":"float"}],[{"value":"upsample_size","type":"str"},{"value":"64","type":"str"}],[{"value":"split_mat_as_fragment_shape","type":"str"},{"value":false,"type":"bool"}],[{"value":"pretrained","type":"str"},{"value":true,"type":"bool"}],[{"value":"model_depth","type":"str"},{"value":"50","type":"str"}]],"type":"advanced_dict"}]],"type":"advanced_dict"}],[{"value":"selected_model_param","type":"str"},{"value":[[{"value":"resnet_lr","type":"str"},{"value":0.001,"type":"float"}],[{"value":"fc_lr","type":"str"},{"value":0.001,"type":"float"}],[{"value":"upsample_size","type":"str"},{"value":"64","type":"str"}],[{"value":"split_mat_as_fragment_shape","type":"str"},{"value":false,"type":"bool"}],[{"value":"pretrained","type":"str"},{"value":true,"type":"bool"}],[{"value":"model_depth","type":"str"},{"value":"50","type":"str"}]],"type":"advanced_dict"}]],"type":"advanced_dict"},"constraint_list":{"value":[{"value":"m_DGS - l_DGS - 2*W_DGS -4>0","type":"str"},{"value":"2*n_DGS + 4*W_DGS + D_DGS -100<0","type":"str"}],"type":"list"},"variable_dict":{"value":[[{"value":"Lower","type":"str"},{"value":[{"value":8.9,"type":"float"},{"value":4,"type":"float"},{"value":8,"type":"float"},{"value":20,"type":"float"},{"value":4,"type":"float"},{"value":4,"type":"float"},{"value":4,"type":"float"},{"value":1.99,"type":"float"},{"value":1.99,"type":"float"},{"value":119,"type":"float"},{"value":0.59,"type":"float"},{"value":0.59,"type":"float"},{"value":8.19,"type":"float"},{"value":199,"type":"float"},{"value":2.25,"type":"float"},{"value":0.59,"type":"float"},{"value":1.9,"type":"float"}],"type":"list"}],[{"value":"Upper","type":"str"},{"value":[{"value":9.1,"type":"float"},{"value":6,"type":"float"},{"value":28,"type":"float"},{"value":50,"type":"float"},{"value":40,"type":"float"},{"value":14,"type":"float"},{"value":76,"type":"float"},{"value":2.01,"type":"float"},{"value":2.01,"type":"float"},{"value":121,"type":"float"},{"value":0.79,"type":"float"},{"value":0.79,"type":"float"},{"value":10.19,"type":"float"},{"value":201,"type":"float"},{"value":4.25,"type":"float"},{"value":0.79,"type":"float"},{"value":3.9,"type":"float"}],"type":"list"}],[{"value":"Distribution","type":"str"},{"value":[{"value":"uniform","type":"str"},{"value":"uniform","type":"str"},{"value":"uniform","type":"str"},{"value":"uniform","type":"str"},{"value":"uniform","type":"str"},{"value":"uniform","type":"str"},{"value":"uniform","type":"str"},{"value":"uniform","type":"str"},{"value":"uniform","type":"str"},{"value":"uniform","type":"str"},{"value":"uniform","type":"str"},{"value":"uniform","type":"str"},{"value":"uniform","type":"str"},{"value":"uniform","type":"str"},{"value":"uniform","type":"str"},{"value":"uniform","type":"str"},{"value":"uniform","type":"str"}],"type":"list"}],[{"value":"R_pan","type":"str"},{"value":0,"type":"int"}],[{"value":"R_via","type":"str"},{"value":1,"type":"int"}],[{"value":"l_DGS","type":"str"},{"value":2,"type":"int"}],[{"value":"m_DGS","type":"str"},{"value":3,"type":"int"}],[{"value":"n_DGS","type":"str"},{"value":4,"type":"int"}],[{"value":"W_DGS","type":"str"},{"value":5,"type":"int"}],[{"value":"D_DGS","type":"str"},{"value":6,"type":"int"}],[{"value":"X1","type":"str"},{"value":7,"type":"int"}],[{"value":"X2","type":"str"},{"value":8,"type":"int"}],[{"value":"W_GND","type":"str"},{"value":9,"type":"int"}],[{"value":"H_GND2","type":"str"},{"value":10,"type":"int"}],[{"value":"H_GND3","type":"str"},{"value":11,"type":"int"}],[{"value":"GAP2","type":"str"},{"value":12,"type":"int"}],[{"value":"L_GND","type":"str"},{"value":13,"type":"int"}],[{"value":"W_LINE","type":"str"},{"value":14,"type":"int"}],[{"value":"H_LINE","type":"str"},{"value":15,"type":"int"}],[{"value":"H_LINEGND2","type":"str"},{"value":16,"type":"int"}]],"type":"advanced_dict"},"target_editor_dict":{"value":[[{"value":"data_source","type":"str"},{"value":[{"value":[[{"value":"source_id","type":"str"},{"value":1,"type":"int"}],[{"value":"id","type":"str"},{"value":"target1","type":"str"}],[{"value":"data_source_type","type":"str"},{"value":"curve","type":"str"}],[{"value":"name","type":"str"},{"value":"1D Results\\\\S-Parameters\\\\S2,1","type":"str"}],[{"value":"data_dimension","type":"str"},{"value":1001,"type":"int"}],[{"value":"start_point","type":"str"},{"value":0,"type":"int"}],[{"value":"end_point","type":"str"},{"value":1001,"type":"int"}]],"type":"advanced_dict"}],"type":"list"}],[{"value":"scalars","type":"str"},{"value":[{"value":[[{"value":"scalar_id","type":"str"},{"value":1,"type":"int"}],[{"value":"name","type":"str"},{"value":"A","type":"str"}],[{"value":"type","type":"str"},{"value":"from_curve","type":"str"}],[{"value":"operator","type":"str"},{"value":"Min","type":"str"}],[{"value":"frequency_range","type":"str"},{"value":[{"value":28.5,"type":"float"},{"value":31.5,"type":"float"}],"type":"list"}],[{"value":"bw_base","type":"str"},{"value":"None","type":"NoneType"}],[{"value":"source_info","type":"str"},{"value":[[{"value":"source_id","type":"str"},{"value":1,"type":"int"}],[{"value":"id","type":"str"},{"value":"target1","type":"str"}],[{"value":"data_source_type","type":"str"},{"value":"curve","type":"str"}],[{"value":"name","type":"str"},{"value":"1D Results\\\\S-Parameters\\\\S2,1","type":"str"}],[{"value":"data_dimension","type":"str"},{"value":1001,"type":"int"}],[{"value":"start_point","type":"str"},{"value":0,"type":"int"}],[{"value":"end_point","type":"str"},{"value":1001,"type":"int"}]],"type":"advanced_dict"}]],"type":"advanced_dict"}],"type":"list"}],[{"value":"targets","type":"str"},{"value":[{"value":[[{"value":"target_id","type":"str"},{"value":1,"type":"int"}],[{"value":"operator","type":"str"},{"value":"Minimize","type":"str"}],[{"value":"goal","type":"str"},{"value":-15,"type":"float"}],[{"value":"weight","type":"str"},{"value":1,"type":"float"}],[{"value":"using_robust_optimization","type":"str"},{"value":false,"type":"bool"}],[{"value":"scalar","type":"str"},{"value":[[{"value":"scalar_id","type":"str"},{"value":1,"type":"int"}],[{"value":"name","type":"str"},{"value":"A","type":"str"}],[{"value":"type","type":"str"},{"value":"from_curve","type":"str"}],[{"value":"operator","type":"str"},{"value":"Min","type":"str"}],[{"value":"frequency_range","type":"str"},{"value":[{"value":28.5,"type":"float"},{"value":31.5,"type":"float"}],"type":"list"}],[{"value":"bw_base","type":"str"},{"value":"None","type":"NoneType"}],[{"value":"source_info","type":"str"},{"value":[[{"value":"source_id","type":"str"},{"value":1,"type":"int"}],[{"value":"id","type":"str"},{"value":"target1","type":"str"}],[{"value":"data_source_type","type":"str"},{"value":"curve","type":"str"}],[{"value":"name","type":"str"},{"value":"1D Results\\\\S-Parameters\\\\S2,1","type":"str"}],[{"value":"data_dimension","type":"str"},{"value":1001,"type":"int"}],[{"value":"start_point","type":"str"},{"value":0,"type":"int"}],[{"value":"end_point","type":"str"},{"value":1001,"type":"int"}]],"type":"advanced_dict"}]],"type":"advanced_dict"}]],"type":"advanced_dict"}],"type":"list"}],[{"value":"robust_analyses","type":"str"},{"value":[],"type":"list"}]],"type":"advanced_dict"}}','2025-07-27 10:22:06','2025-07-27 10:22:06','system','system',1);
-- tb_menu DML
INSERT INTO `tb_menu` (`id`,`type`,`parentId`,`title`,`icon`,`routeKey`,`level`,`sortOrder`,`status`,`createDate`,`createTime`) VALUES ('1117bbc93f7a455e8a8439f20a394444','menu','4dd3c621cb194a46b38a22c9eb302f11','目标函数优化','',NULL,'2','5','1','2025-05-13','1747122065'),('2278d457419945e2a56efb63bcff80b3','menu',NULL,'用户管理','User',NULL,'1','1','1','2025-05-13','1747122065'),('28b8feeea6ff4c8c8dd0b9b1ab961111','menu',NULL,'参数设置','Magnet',NULL,'1','4','1','2025-05-13','1747122065'),('28b8feeea6ff4c8c8dd0b9b1ab961112','item','28b8feeea6ff4c8c8dd0b9b1ab961111','全局参数',NULL,'globalParam','2','1','1','2025-05-13','1747122065'),('28b8feeea6ff4c8c8dd0b9b1ab961113','item','28b8feeea6ff4c8c8dd0b9b1ab961111','优化算法',NULL,'optimizeAlgorithm','2','1','1','2025-05-13','1747122065'),('28b8feeea6ff4c8c8dd0b9b1ab961114','item','28b8feeea6ff4c8c8dd0b9b1ab961111','预测器',NULL,'predictor','2','1','1','2025-05-13','1747122065'),('28b8feeea6ff4c8c8dd0b9b1ab96c333','item','4dd3c621cb194a46b38a22c9eb302f11','优化变量',NULL,'optimizeVariables','2','1','1','2025-05-13','1747122065'),('28b8feeea6ff4c8c8dd0b9b1ab96c722','item','4dd3c621cb194a46b38a22c9eb302f11','模型导入',NULL,'inputModule','2','1','1','2025-05-13','1747122065'),('28b8feeea6ff4c8c8dd0b9b1ab96c7d0','item','4dd3c621cb194a46b38a22c9eb302f37','工作站列表',NULL,'stationList','2','1','1','2025-05-13','1747122065'),('28b8feeea6ff4c8c8dd0b9b1ab96caaa','item','4dd3c621cb194a46b38a22c9eb302f11','导航设置',NULL,'navigateConfigiration','2','2','1','2025-05-13','1747122065'),('4dd3c621cb111a46b38a22c9eb302f37','menu',NULL,'全局设置','Setting','globalSettings','1','6','1','2025-05-13','1747122065'),('4dd3c621cb111a46b38a22c9eb304444','item','4dd3c621cb111a46b38a22c9eb302f37','模块面板',NULL,'modulePanel','2',NULL,'1','2025-05-13','1747122065'),('4dd3c621cb194a46b38a22c9eb302f11','menu',NULL,'输入模块','Cpu',NULL,'1','3','1','2025-05-13','1747122065'),('4dd3c621cb194a46b38a22c9eb302f37','menu',NULL,'工作站','Monitor',NULL,'1','2','1','2025-05-13','1747122065'),('ff67bbc93f7a455e8a8439f202295dd5','item','1117bbc93f7a455e8a8439f20a394444','可视化流程图',NULL,'visualFlow','3','5','1','2025-05-13','1747122065'),('ff67bbc93f7a455e8a8439f20a391111','item','1117bbc93f7a455e8a8439f20a394444','数据源',NULL,'dataSource','3','1','1','2025-05-13','1747122065'),('ff67bbc93f7a455e8a8439f20a392222','item','1117bbc93f7a455e8a8439f20a394444','标量',NULL,'scalar','3','2','1','2025-05-13','1747122065'),('ff67bbc93f7a455e8a8439f20a393333','item','1117bbc93f7a455e8a8439f20a394444','优化目标',NULL,'optimizationTargets','3','3','1','2025-05-13','1747122065'),('ff67bbc93f7a455e8a8439f20a394444','item','1117bbc93f7a455e8a8439f20a394444','鲁棒性分析',NULL,'robustnessAnalysis','3','4','1','2025-05-13','1747122065'),('ff67bbc93f7a455e8a8439f20a395dd5','item','2278d457419945e2a56efb63bcff80b3','用户列表',NULL,'userList','2','1','1','2025-05-13','1747122065');
-- tb_menu_item DML
INSERT INTO `tb_menu_item` (`id`,`name`,`value`,`parentId`,`parentName`,`createDate`,`createTime`) VALUES ('28b8feeea6ff4c8c8dd0b9b1ab96c7d1','工作站增加','stationAdd','28b8feeea6ff4c8c8dd0b9b1ab96c7d0','工作站列表','2025-05-13','1747122065'),('28b8feeea6ff4c8c8dd0b9b1ab96c7d2','工作站删除','stationDelete','28b8feeea6ff4c8c8dd0b9b1ab96c7d0','工作站列表','2025-05-13','1747122065'),('28b8feeea6ff4c8c8dd0b9b1ab96c7d3','工作站修改','stationUpdate','28b8feeea6ff4c8c8dd0b9b1ab96c7d0','工作站列表','2025-05-13','1747122065'),('28b8feeea6ff4c8c8dd0b9b1ab96c7d4','工作站查询','stationSearch','28b8feeea6ff4c8c8dd0b9b1ab96c7d0','工作站列表','2025-05-13','1747122065');
-- tb_menu_item_role DML
INSERT INTO `tb_menu_item_role` (`id`,`menuItemId`,`role`) VALUES ('28b8feeea6ff4c8c8dd0b9b1ab96c000','28b8feeea6ff4c8c8dd0b9b1ab96c7d1','admin'),('28b8feeea6ff4c8c8dd0b9b1ab96c111','28b8feeea6ff4c8c8dd0b9b1ab96c7d2','admin'),('28b8feeea6ff4c8c8dd0b9b1ab96c222','28b8feeea6ff4c8c8dd0b9b1ab96c7d3','admin'),('28b8feeea6ff4c8c8dd0b9b1ab96c333','28b8feeea6ff4c8c8dd0b9b1ab96c7d4','admin'),('28b8feeea6ff4c8c8dd0b9b1ab96c444','28b8feeea6ff4c8c8dd0b9b1ab96c7d4','user');
-- tb_menu_role DML
INSERT INTO `tb_menu_role` (`id`,`menuId`,`role`) VALUES ('2278d457419945e2a56efb63bcff7777','1117bbc93f7a455e8a8439f20a394444','admin'),('2278d457419945e2a56efb63bcff8011','2278d457419945e2a56efb63bcff80b3','admin'),('2278d457419945e2a56efb63bcff1111','28b8feeea6ff4c8c8dd0b9b1ab961111','admin'),('2278d457419945e2a56efb63bcff8222','28b8feeea6ff4c8c8dd0b9b1ab96c333','admin'),('2278d457419945e2a56efb63bcff8111','28b8feeea6ff4c8c8dd0b9b1ab96c333','user'),('2278d457419945e2a56efb63bcff8222','28b8feeea6ff4c8c8dd0b9b1ab96c722','admin'),('2278d457419945e2a56efb63bcff8111','28b8feeea6ff4c8c8dd0b9b1ab96c722','user'),('2278d457419945e2a56efb63bcff8022','28b8feeea6ff4c8c8dd0b9b1ab96c7d0','admin'),('2278d457419945e2a56efb63bcff8033','28b8feeea6ff4c8c8dd0b9b1ab96c7d0','user'),('2278d457419945e2a56efb63bcff8888','4dd3c621cb111a46b38a22c9eb302f37','admin'),('2278d457419945e2a56efb63bcff8088','4dd3c621cb194a46b38a22c9eb302f11','admin'),('2278d457419945e2a56efb63bcff8077','4dd3c621cb194a46b38a22c9eb302f11','user'),('2278d457419945e2a56efb63bcff8044','4dd3c621cb194a46b38a22c9eb302f37','admin'),('2278d457419945e2a56efb63bcff8055','4dd3c621cb194a46b38a22c9eb302f37','user'),('ff67bbc93f7a455e8a8439f202333333','ff67bbc93f7a455e222439f202295dd5','admin'),('2278d457419945e2a56efb63bcff8066','ff67bbc93f7a455e8a8439f20a395dd5','admin');
-- tb_module DML
INSERT INTO `tb_module` (`id`,`name`,`label`,`description`,`algorithms`,`color`,`subModules`,`selectedAlgorithmLabel`,`paramLabel`,`showAlgorithms`,`dependency`,`createDate`,`createTime`) VALUES ('001','OptimizationMethod','优化算法','优化方法及其参数设置','StableBacchusAda_new,SimulatedAnnealing,SurrogateEmoGA,KnowledgeInjection','rgba(92, 217, 105, 1)','002','optimize_method','optimize_param',NULL,NULL,'2025-06-05 15:51:53','1749109913'),('002','SurrogateMethod','仿真策略',NULL,'TopK,ConstraintTopK,ConstraintTopKIntervalN,ConstraintTopKSoftmax','rgba(18, 214, 211, 1)','','surrogate_method','surrogate_method_param',NULL,NULL,'2025-06-05 15:51:53','1749109913'),('003','Predictor','预测器','预测器及其参数设置','LightningKEP',NULL,'004','predict_method','training_param',NULL,NULL,'2025-06-05 15:51:53','1749109913'),('004','LightningModel','',NULL,'LightningResNet,LightningGoogleNet',NULL,NULL,'selected_model','selected_model_param',NULL,NULL,'2025-06-05 15:51:53','1749109913'),('005','DataSourceSettings','1. Data Sources',NULL,'DataSourceSettings',NULL,NULL,NULL,NULL,NULL,NULL,'2025-06-05 15:51:53','1749109913'),('006','ScalarSettingsCombined','2. Scalar Definitions',NULL,NULL,NULL,NULL,NULL,NULL,NULL,NULL,'2025-06-05 15:51:53','1749109913'),('007','ScalarFromDataSource','Define from Data Source',NULL,NULL,NULL,NULL,NULL,NULL,NULL,NULL,'2025-06-05 15:51:53','1749109913'),('008','ScalarFromExpression','Define from Expression',NULL,NULL,NULL,NULL,NULL,NULL,NULL,NULL,'2025-06-05 15:51:53','1749109913'),('009','TargetSettings','3. Optimization Targets',NULL,NULL,NULL,NULL,NULL,NULL,NULL,NULL,'2025-06-05 15:51:53','1749109913'),('010','RobustAnalysisSettings','4. Robustness Analysis',NULL,NULL,NULL,NULL,NULL,NULL,NULL,NULL,'2025-06-05 15:51:53','1749109913'),('0ccb479fae7048b28349c1cc8b8e11c3','GlobalMethod','全局参数','','global_no_algorithm',NULL,'',NULL,NULL,NULL,NULL,'2025-07-17 10:59:30','1752721170'),('2a508fe0342a4cc5802927fb02ab0602','SampleModule','采样器','','LayerSample,ContinuousSample',NULL,'',NULL,NULL,NULL,NULL,'2025-08-05 15:05:45','1754377545'),('e2a50ca8409d4cc7bd5e1961e278d403','tttt','dawdwa','','',NULL,NULL,NULL,NULL,NULL,NULL,'2025-06-25 17:55:55','1750845355');
-- tb_optimization_target DML
INSERT INTO `tb_optimization_target` (`id`,`name`,`scalarName`,`optimizationDirection`,`weight`,`robustObject`,`createDate`,`createTime`) VALUES ('c4f5d5f74f0944a1bfc1a2aa79394e57','target1','A','Minimize','1','0','2025-08-09 23:19:18','1754752758');
-- tb_optimize_variable DML
INSERT INTO `tb_optimize_variable` (`id`,`operation_type`,`operation_type_name`,`variable_name`,`range_min`,`range_max`,`quantization`,`distribution`,`constraint`,`operator`,`create_date`,`create_time`,`update_time`) VALUES ('00ef9e009e9542b8a6586cdee33233bd','param_optimization','参数优化','R_via','2.0','6.0','10','uniform',NULL,NULL,'2025-08-09 22:44:16','1754750656','1754750656'),('2f89faefa97649fdbb602a93904d4a0c','param_optimization','参数优化','R_pan','8.999','9.001','10','uniform',NULL,NULL,'2025-08-09 22:44:05','1754750645','1754750645'),('3c159a58bb4f4de8ba75859f1ae99860','param_optimization','参数优化','W_DGS','4.0','8.0','10','uniform',NULL,NULL,'2025-08-09 22:41:42','1754750502','1754750502'),('571a90728044493a80aa05deadf585bc','param_optimization','参数优化','D_LINE','0.0','0.001','10','uniform',NULL,NULL,'2025-08-09 22:44:29','1754750669','1754750669'),('5a9269aa35c84d418da042f30751bdd7','param_optimization','参数优化','m_DGS','38.0','42.0','10','uniform',NULL,NULL,'2025-08-09 22:41:04','1754750464','1754750464'),('5b61edd2d5534647b67190c3ad1bc40c','param_optimization','参数优化','H_LINE','3.368458','7.368458','10','uniform',NULL,NULL,'2025-08-09 22:46:40','1754750800','1754750800'),('752f52e56b64431fb6e9ffb76ec68a37','param_optimization','参数优化','GAP2','8.97335','12.97335','10','uniform',NULL,NULL,'2025-08-09 22:44:50','1754750690','1754750690'),('7b1a27ea6d564a7cae822d90bd793bbd','param_optimization','参数优化','H_GND2','0.1','3.9','10','uniform',NULL,NULL,'2025-08-09 22:45:07','1754750707','1754750707'),('8031b4b1a35f4465999525b7a91ea340','param_optimization','参数优化','W_LINE','3.969158','7.969158','10','uniform',NULL,NULL,'2025-08-09 22:48:11','1754750891','1754750891'),('8f7005b0d51d4cff968f1746d8a7c528','param_optimization','参数优化','H_LINEGND2','4.0','8.0','10','uniform',NULL,NULL,'2025-08-09 22:47:08','1754750828','1754750828'),('9462c9c212f5492a89eb80a1e68cfdf5','param_optimization','参数优化','L_GND','298.0','302.0','10','uniform',NULL,NULL,'2025-08-09 22:47:23','1754750843','1754750843'),('a49d3926e41045cf8494f045faf8527d','param_optimization','参数优化','D_VIADGS','2.0','6.0','10','uniform',NULL,NULL,'2025-08-09 22:43:10','1754750590','1754750590'),('a5adfc9e12b7428599b1665d261ba844','param_optimization','参数优化','H_GND3','3.0','7.0','10','uniform',NULL,NULL,'2025-08-09 22:45:30','1754750730','1754750730'),('d84f5d1502124894963477229a32d7cd','param_optimization','参数优化','n_DGS','21.0','25.0','10','uniform',NULL,NULL,'2025-08-09 22:41:28','1754750488','1754750488'),('d9dd07ebbf834442aa829b3351bee03b','param_optimization','参数优化','D_DGS','12.56','16.56','10','uniform',NULL,NULL,'2025-08-09 22:40:16','1754750416','1754750416'),('e7468fad43084db0b046c0d8276fd00d','param_optimization','参数优化','X1','0.999','1.001','10','uniform',NULL,NULL,'2025-08-09 22:42:04','1754750524','1754750524'),('ecf9e701b7e74af3b838814eb042e3ac','param_optimization','参数优化','l_DGS','22.0','26.0','10','uniform',NULL,NULL,'2025-08-09 22:40:43','1754750443','1754750443'),('f11947d9c9bb4bb5bf0b24d996d3eaa9','param_optimization','参数优化','W_GND','177.776445','181.776445','10','uniform',NULL,NULL,'2025-08-09 22:47:46','1754750866','1754750866'),('f96541ae95bd42e196798b7b2c7f3101','param_optimization','参数优化','X2','1.999','2.001','10','uniform',NULL,NULL,'2025-08-09 22:42:20','1754750540','1754750540');
-- tb_param DML
INSERT INTO `tb_param` (`id`,`algorithmId`,`algorithm`,`paramLabel`,`paramName`,`paramValue`,`paramType`,`paramDefault`,`paramOption`,`minValue`,`maxValue`,`ref`,`clickHandler`,`decimals`,`createDate`,`createTime`) VALUES ('001','001','StableBacchusAda_new','每代产生样本量','sampleSizePerGeEdt','10','int','10','','','','','','','2025-06-05 15:51:53','1749109913'),('002','001','StableBacchusAda_new','形状修改-顶点改变度','max_mutate_length_ratio_shape_modify','0.1','float','0.1','','','','','','','2025-06-05 15:51:33','1749109913'),('003','001','StableBacchusAda_new','形状修改-增加随机线段单元','add_mutate_layer_shape_modify','true','bool','true','','','','','','','2025-06-05 15:51:33','1749109913'),('004','001','StableBacchusAda_new','形状修改-线段单元最大像素比例','mutate_layer_max_changed_pixel_ratio_shape_modify','0.05','float','0.05','','','','','','','2025-06-05 15:51:33','1749109913'),('005','001','StableBacchusAda_new','形状修改-顶点修改概率','v_prob_shape_modify','0.05','float','0.05','','','','','','','2025-06-05 15:51:53','1749109913'),('006','001','StableBacchusAda_new','全局搜索最大周期','localNroundEdt','99999','int','99999','','','','','','','2025-06-05 15:51:33','1749109913'),('007','001','StableBacchusAda_new','全局搜索-随机阶段筛选次数','maxGlobalIterEdt','2','int','2','','','','','','','2025-06-05 15:51:33','1749109913'),('008','001','StableBacchusAda_new','全局搜索-单次筛选样本量','resampleNumEdt','500','int','500','','','','','','','2025-06-05 15:51:33','1749109913'),('009','001','StableBacchusAda_new','全局搜索-退火筛选次数','maxLocalIterEdt','2','int','2','','','','','','','2025-06-05 15:51:53','1749109913'),('00d2673eb8d645a8a9775be138ab1afe','009','LightningKEP','每N步检查一次变量','check_val_every_n_epoch','1','int','1','','','','','','','2025-07-31 17:27:54','1753954074'),('010','001','StableBacchusAda_new','模拟退火环节迭代次数','maxSearchTimeEdt','10','int','10','','','','','','','2025-06-05 15:51:33','1749109913'),('011','001','StableBacchusAda_new','是否进行滤波','filterOrNotCbx','false','bool','false','','','','','','','2025-06-05 15:51:33','1749109913'),('012','001','StableBacchusAda_new','权重均匀度','randomWeigCoeEdt','4','int','4','','','','','','','2025-06-05 15:51:33','1749109913'),('013','001','StableBacchusAda_new','启动自适应权重','adapWeigOrNotCbx','true','bool','true','','','','','','','2025-06-05 15:51:53','1749109913'),('014','001','StableBacchusAda_new','目标函数计算方式','targetComputeMethod','取最大差距','str','取最大差距','差距线性加权,取最大差距','','','','','','2025-06-05 15:51:33','1749109913'),('015','001','StableBacchusAda_new','滤波类型','filterTypeEdt','2','int','2','','','','','','','2025-06-05 15:51:33','1749109913'),('016','001','StableBacchusAda_new','滤波标准差','filterStdEdt','0.7','float','0.7','','','','','','','2025-06-05 15:51:33','1749109913'),('017','001','StableBacchusAda_new','采样器优化周期','updateSamplerEdt','5','int','5','','','','','','','2025-06-05 15:51:53','1749109913'),('018','001','StableBacchusAda_new','强制优化采样器轮次','forceUpdateEdt','1,2','str','1,2','','','','','','','2025-06-05 15:51:33','1749109913'),('019','001','StableBacchusAda_new','筛选缓冲区大小','matPoolEdt','20000','int','20000','','','','','','','2025-06-05 15:51:33','1749109913'),('020','001','StableBacchusAda_new','自适应权重-指数平滑系数','adapWeigEMCEdt','0.5','float','0.5','','','','','','','2025-06-05 15:51:33','1749109913'),('021','001','StableBacchusAda_new','自适应权重-权值最小所占比例','adapWeigMinPropEdt','15','int','15','','','','','','','2025-06-05 15:51:53','1749109913'),('022','001','StableBacchusAda_new','每次探索区域数量','neighborNumEdt','3','int','3','','','','','','','2025-06-05 15:51:33','1749109913'),('023','001','StableBacchusAda_new','区域样本容量','neighbourSizeEdt','10','int','10','','','','','','','2025-06-05 15:51:33','1749109913'),('024','001','StableBacchusAda_new','区域可容忍无改进次数','maxNoImproveEdt','10','int','10','','','','','','','2025-06-05 15:51:33','1749109913'),('025','001','StableBacchusAda_new','同区域样本相似度','similarDistanceEdt','0.15','float','0.15','','','','','','','2025-06-05 15:51:53','1749109913'),('026','001','StableBacchusAda_new','相似样本容忍量','similarToleranceEdt','50','int','50','','','','','','','2025-06-05 15:51:33','1749109913'),('027','001','StableBacchusAda_new','局部搜索-种群大小','populationSizeEdt','400','int','400','','','','','','','2025-06-05 15:51:33','1749109913'),('028','001','StableBacchusAda_new','局部搜索-交叉概率','crossoverEdt','0.7','float','0.7','','','','','','','2025-06-05 15:51:33','1749109913'),('029','001','StableBacchusAda_new','局部搜索-变异概率','mutationEdt','0.7','float','0.7','','','','','','','2025-06-05 15:51:53','1749109913'),('030','001','StableBacchusAda_new','局部搜索-交叉区域比例','crossAreaRatioEdt','0.7','float','0.7','','','','','','','2025-06-05 15:51:33','1749109913'),('031','001','StableBacchusAda_new','局部搜索-锦标赛选择系数','tournamentEdt','4','int','4','','','','','','','2025-06-05 15:51:33','1749109913'),('032','001','StableBacchusAda_new','初始化叶子深度、数目','start_mesh','3.32','str','3,32','','','','','','','2025-06-05 15:51:33','1749109913'),('033','001','StableBacchusAda_new','网格剖分递增量(每一个全局-局部周期)','progress_var_n','9','int','9','','','','','','','2025-06-05 15:51:53','1749109913'),('034','002','SimulatedAnnealing','初始溫度','T0','100','float','100','','','','','','','2025-06-05 15:51:33','1749109913'),('035','002','SimulatedAnnealing','最低温度','T_min','10','float','10','','','','','','','2025-06-05 15:51:33','1749109913'),('036','002','SimulatedAnnealing','搜索半径','delta','0.1','float','0.1','','','','','','','2025-06-05 15:51:33','1749109913'),('037','002','SimulatedAnnealing','降温速度','alpha','0.9','float','0.9','','','','','','','2025-06-05 15:51:53','1749109913'),('038','002','SimulatedAnnealing','种群大小','population_n','100','int','100','','','','','','','2025-06-05 15:51:33','1749109913'),('039','002','SimulatedAnnealing','同区域样本相似度','similarDistanceEdt','0.15','float','0.15','','','','','','','2025-06-05 15:51:33','1749109913'),('040','002','SimulatedAnnealing','每代产生样本量','samplesPerGeneration','10','int','10','','','','','','','2025-06-05 15:51:33','1749109913'),('041','002','SimulatedAnnealing','重退火轮次','re_annealing_iter','100','int','100','','','','','','','2025-06-05 15:51:53','1749109913'),('042','002','SimulatedAnnealing','是否周期性重退火','using_re_annealing','true','bool','true','','','','','','','2025-06-05 15:51:33','1749109913'),('043','002','SimulatedAnnealing','约束修复轮次','fix_range_num','5','int','5','','','','','','','2025-06-05 15:51:33','1749109913'),('044','002','SimulatedAnnealing','约束修复邻域采样次数','trial_N_neighbour','10','int','10','','','','','','','2025-06-05 15:51:33','1749109913'),('045','002','SimulatedAnnealing','约束修复线搜索次数','tral_N_line_search','10','int','10','','','','','','','2025-06-05 15:51:53','1749109913'),('046','002','SimulatedAnnealing','约束修复邻域大小（相对变量范围的比例）','neighbour_size','0.01','float','0.01','','','','','','','2025-06-05 15:51:33','1749109913'),('047','003','SurrogateEmoGA','交叉概率','emo_ga_proC','0.9','float','0.9','','','','','','','2025-06-05 15:51:33','1749109913'),('048','003','SurrogateEmoGA','交叉分布指数','emo_ga_disC','10','float','10','','','','','','','2025-06-05 15:51:33','1749109913'),('049','003','SurrogateEmoGA','变异概率','emo_ga_proM','0.3','float','0.3','','','','','','','2025-06-05 15:51:53','1749109913'),('050','003','SurrogateEmoGA','变异分布指数','emo_ga_disM','20','float','20','','','','','','','2025-06-05 15:51:33','1749109913'),('051','003','SurrogateEmoGA','锦标赛选择系数','emo_ga_tournament_K','2','int','2','','','','','','','2025-06-05 15:51:33','1749109913'),('052','003','SurrogateEmoGA','每代种群个数','emo_ga_population_size','500','int','500','','','','','','','2025-06-05 15:51:33','1749109913'),('053','003','SurrogateEmoGA','是否使用精英策略','emo_ga_using_elite','true','bool','true','','','','','','','2025-06-05 15:51:33','1749109913'),('054','003','SurrogateEmoGA','同区域样本相似度','similarDistanceEdt','0.15','float','0.15','','','','','','','2025-06-05 15:51:33','1749109913'),('055','003','SurrogateEmoGA','每代产生样本量','samplesPerGeneration','10','int','10','','','','','','','2025-06-05 15:51:33','1749109913'),('056','005','TopK','每次仿真样本数N','N','10','int','10','','','','','','','2025-06-05 15:51:33','1749109913'),('057','006','ConstraintTopK','每次仿真样本数N','N','2','int','10','','','','','','','2025-06-05 15:51:33','1749109913'),('058','007','ConstraintTopKIntervalN','每次仿真样本数N','N','10','int','10','','','','','','','2025-06-05 15:51:33','1749109913'),('059','007','ConstraintTopKIntervalN','调用仿真间隔iter_n','iter_n','5','int','5','','','','','','','2025-06-05 15:51:33','1749109913'),('060','007','ConstraintTopKSoftmax','每次仿真样本数N','N','10','int','10','','','','','','','2025-06-05 15:51:33','1749109913'),('061','007','ConstraintTopKSoftmax','softmax的温度修正参数','temperature','2','int','2','','','','','','','2025-06-05 15:51:33','1749109913'),('062','007','ConstraintTopKSoftmax','是否使用sigmoid处理target','using_sigmoid','false','bool','false','','','','','','','2025-06-05 15:51:33','1749109913'),('063','009','LightningKEP','首轮是否从零训练预测器','train_model_from_scratch_or_not','true','bool','true','','','','','','','2025-06-05 15:51:33','1749109913'),('064','009','LightningKEP','从零训练预测器轮次','model_epoch','10','int','100','','','','','','','2025-06-05 15:51:34','1749109914'),('065','009','LightningKEP','从零训练预测器的批次大小','batch_size','64','int','256','','','','','','','2025-06-05 15:51:35','1749109915'),('066','009','LightningKEP','更新预测器训练轮次','model_update_epoch','10','int','100','','','','','','','2025-06-05 15:51:36','1749109916'),('067','009','LightningKEP','更新预测器的批次大小','update_batch_size','64','int','256','','','','','','','2025-06-05 15:51:37','1749109917'),('068','009','LightningKEP','预测器更新方式','update_method','每次更新重新训练','str','每次更新重新训练','每次更新重新训练,持续微调,每隔N轮从头训练预测器','','','','','','2025-06-05 15:51:38','1749109918'),('069','009','LightningKEP','从头训练预测器的轮次N','train_from_scratch_n','5','int','5','','','','','','','2025-06-05 15:51:39','1749109919'),('071','009','LightningKEP','是否使用迁移学习','transfer_learning_or_not','false','bool','false','','','','','','','2025-06-05 15:51:41','1749109921'),('072','009','LightningKEP','源场景预训练模型路径','pretrained_model_path','./lightning-resnet.ckpt','str','./lightning-resnet.ckpt','','','','','','','2025-06-05 15:51:42','1749109922'),('073','011','LightningResNet','从零训练预测器的ResNet学习率','resnet_lr','0.001','float','1e-3','','','','','','','2025-06-05 15:51:43','1749109923'),('074','011','LightningResNet','从零训练预测器的全连接层学习率','fc_lr','0.001','float','1e-3','','','','','','','2025-06-05 15:51:44','1749109924'),('075','011','LightningResNet','数据处理时的上采样大小','upsample_size','64','str','64','64,128,224','','','','','','2025-06-05 15:51:45','1749109925'),('076','011','LightningResNet','离散场景下是否按照fragment_shape划分矩阵','split_mat_as_fragment_shape','false','bool','false','','','','','','','2025-06-05 15:51:46','1749109926'),('077','011','LightningResNet','是否使用预训练的resnet50模型','pretrained','true','bool','true','','','','','','','2025-06-05 15:51:47','1749109927'),('078','011','LightningResNet','resnet模型的网络层数','model_depth','50','str','50','34,50,101','','','','','','2025-06-05 15:51:48','1749109928'),('079','012','LightningGoogleNet','从零训练预测器的GoogleNet学习率','googlenet_lr','0.001','float','1e-3','','','','','','','2025-06-05 15:51:49','1749109929'),('080','012','LightningGoogleNet','从零训练预测器的weight_decay','weight_decay','0.0001','float','1e-4','','','','','','','2025-06-05 15:51:50','1749109930'),('081','012','LightningGoogleNet','数据处理时的上采样大小','upsample_size','64','str','64','64,128,224','','','','','','2025-06-05 15:51:51','1749109931'),('082','012','LightningGoogleNet','离散场景下是否按照fragment_shape划分矩阵','split_mat_as_fragment_shape','false','bool','false','','','','','','','2025-06-05 15:51:52','1749109932'),('083','012','LightningGoogleNet','是否使用预训练的googlenet模型','pretrained','true','bool','true','','','','','','','2025-06-05 15:51:53','1749109933'),('084','010','KEFormer','从零训练VQVAE的轮数','vqvae_epochs','1','int','1','','','','','','','2025-06-05 15:51:53','1749109933'),('087','007','ConstraintTopKIntervalN','每次仿真样本数N','N','10','int','10','','','','','','','2025-06-05 15:51:56','1749109936'),('088','007','ConstraintTopKIntervalN','调用仿真间隔iter_n','iter_n','5','int','5','','','','','','','2025-06-05 15:51:57','1749109937'),('089','008','ConstraintTopKSoftmax','每次仿真样本数N','N','10','int','10',NULL,NULL,NULL,NULL,NULL,NULL,'2025-06-05 15:51:58','1749109938'),('090','008','ConstraintTopKSoftmax','softmax的温度修正参数','temperature','2','int','2',NULL,NULL,NULL,NULL,NULL,NULL,'2025-06-05 15:51:59','1749109939'),('091','008','ConstraintTopKSoftmax','是否使用sigmoid处理target','using_sigmoid','false','bool','false',NULL,NULL,NULL,NULL,NULL,NULL,'2025-06-05 15:51:60','1749109940'),('102a1ba0a1a345f7bd77165fd9009e86','f2b15a6f52044df0bdd2538360ba5cc8','LayerSample','自适应','ada_check','true','bool','true','','','','','','','2025-08-05 16:12:33','1754381553'),('1a218ac56597451aa1ee15fd9c7b9529','f2b15a6f52044df0bdd2538360ba5cc8','LayerSample','图层最大顶点数','max_vertices','14','int','16','','','','','','','2025-08-05 16:17:09','1754381829'),('1b048267024748f28d4f2ce9841a6ddc','f2b15a6f52044df0bdd2538360ba5cc8','LayerSample','多边形单元叠加','add_check','false','bool','false','','','','','','','2025-08-05 16:09:01','1754381341'),('240e440189244b28afbc079b9540906b','f2b15a6f52044df0bdd2538360ba5cc8','LayerSample','保持不变','pass_check','false','bool','false','','','','','','','2025-08-05 16:22:22','1754382142'),('26187ca1c46845de90c99a46ed66be7a','f2b15a6f52044df0bdd2538360ba5cc8','LayerSample','走线单元叠加','line_add_check','false','bool','false','','','','','','','2025-08-05 16:10:41','1754381441'),('275eae21a4a94f718f3700a471935bae','014','ScalarSettingsCombined','22','22','22','str','22','','','','','','','2025-06-25 17:59:50','1750845590'),('2b1fbfb3c6be4ce98062bbebea191940','f2b15a6f52044df0bdd2538360ba5cc8','LayerSample','目标模型名称','fragment_name',' ','str',' ','','','','','','','2025-08-05 16:23:37','1754382217'),('2bfa9b265c0c4938bcba430fd4041c3b','dbe98a2aab294bc2bb3bc0628c01a6e1','global_no_algorithm','初始化样本数量','initial_sample_number','100','int','100','','','','','','','2025-07-17 11:06:22','1752721582'),('3e564f8140604db38d4e7359e5cc7234','f2b15a6f52044df0bdd2538360ba5cc8','LayerSample','走线单元相减','line_substract_check','false','bool','false','','','','','','','2025-08-05 16:11:28','1754381488'),('4ccc6e044e3a48bc84d8d6b4c71210f2','dbe98a2aab294bc2bb3bc0628c01a6e1','global_no_algorithm','使用最大差距作为目标函数','using_distance_target','true','bool','true','','','','','','','2025-07-17 11:07:48','1752721668'),('5157787fec0f488d8f003bd08bd27ad3','f2b15a6f52044df0bdd2538360ba5cc8','LayerSample','上下翻转叠加','fliplr_add_check','false','bool','false','','','','','','','2025-08-05 16:18:30','1754381910'),('5bfdd246f3b642718e882219ea4798aa','dbe98a2aab294bc2bb3bc0628c01a6e1','global_no_algorithm','是否初始化样本','initialize_data','false','bool','false','','','','','','','2025-07-17 11:05:15','1752721515'),('5dcab61df1354657a9134d567c9c1c93','f2b15a6f52044df0bdd2538360ba5cc8','LayerSample','自定义','custom_check','false','bool','false','','','','','','','2025-08-05 16:13:02','1754381582'),('72e6dd3c1cf5491a8896f2d487a31d73','f2b15a6f52044df0bdd2538360ba5cc8','LayerSample','图层最小顶点数','min_vertices','4','int','4','','','','','','','2025-08-05 16:16:23','1754381783'),('7383d5da512d47498d5d092f0f894206','dbe98a2aab294bc2bb3bc0628c01a6e1','global_no_algorithm','采用差距加权和计算目标函数','using_soft_distance_target','true','bool','true','','','','','','','2025-07-17 11:07:03','1752721623'),('76ff0b96fd8e48ba922e697dc940ef8c','f2b15a6f52044df0bdd2538360ba5cc8','LayerSample','旋转90度叠加','rotate_add_check','false','bool','false','','','','','','','2025-08-05 16:18:02','1754381882'),('8574a763c5df4ae8beb115bd205329ab','68970d97cbb8469fb81bfccc61a9cd02','321','2','22','22','int','33','','1','111','','','','2025-06-25 18:00:11','1750845611'),('8c928ba84efd4d54a9fdeb45d2e5575f','68970d97cbb8469fb81bfccc61a9cd02','321','21','发','312','str','312','','','','','','','2025-06-25 17:52:40','1750845160'),('900af825eb184a8fa4e65a8bd30a87f6','f2b15a6f52044df0bdd2538360ba5cc8','LayerSample','多边形单元相减','subtract_check','false','bool','false','','','','','','','2025-08-05 16:10:03','1754381403'),('97eb66b12f3c4fbaa0deee5ce20c6079','dbe98a2aab294bc2bb3bc0628c01a6e1','global_no_algorithm','优化迭代次数','optimization_iter_n','100','int','100','','0','0','','','','2025-07-17 11:04:03','1752721443'),('a50a09e780054c8799bb7d54b4301717','f2b15a6f52044df0bdd2538360ba5cc8','LayerSample','自定义图层','custom_layer',' ','str',' ','','','','','','','2025-08-05 16:13:36','1754381616'),('b7f7f3a3c9744b76a9f5614e3e2d9cd1','f2b15a6f52044df0bdd2538360ba5cc8','LayerSample','左右翻转叠加','flipud_add_check','false','bool','false','','','','','','','2025-08-05 16:19:01','1754381941'),('bc9e9d68d96e4aba88057de191d1212c','f2b15a6f52044df0bdd2538360ba5cc8','LayerSample','随机像素','random_pixel_check','false','bool','false','','','','','','','2025-08-05 16:12:02','1754381522');
-- tb_scalar DML
INSERT INTO `tb_scalar` (`id`,`scalarName`,`scalarType`,`dataSourceId`,`dataSourceName`,`start`,`end`,`operator`,`bandwidth`,`expression`,`createDate`,`createTime`,`minHorizontalDistance`,`minProminence`) VALUES ('9e2d8a4ed1744af99a90b4c4b38fc3d1','A','dataSource',NULL,'1D Results\\S-Parameters\\S2,1','28.5','31.5','Min','','','2025-08-09 22:56:35','1754751395',NULL,NULL);
-- tb_station DML
INSERT INTO `tb_station` (`id`,`ip`,`status`,`useName`,`startTime`,`createDate`,`createTime`) VALUES (1,'192.168.10.1','underMaintenance','BBB','1747619491','2025-05-16 16:48:10','1747385290'),(2,'192.168.10.1','inUse','AAA','1747385354','2025-05-16 16:49:14','1747385354'),(3,'192.168.10.1','free','CCC','','2025-05-16 16:50:36','1747385436'),(4,'192.168.10.1','free','DDD','','2025-05-16 16:50:46','1747385446'),(6,'192.168.10.1','free','-','','2025-05-16 16:51:39','1747385499'),(7,'192.168.185.241','free','-','','2025-05-19 09:26:37','1747617997');
-- tb_user DML
INSERT INTO `tb_user` (`id`,`name`,`workId`,`username`,`password`,`role`,`status`,`workstationNum`,`lastTime`,`createDate`,`createTime`) VALUES ('11e8dbd37dd843bb81e77596beaf16b8','超级管理员','EM000','ttt','ttt','admin','1',NULL,'2025-08-20 20:57:40','2025-05-13 10:24:22','1747103062'),('550e8400-e29b-41d4-a716-446655440000','张三','EMP001','zhangsan','e10adc3949ba59abbe56e057f20f883e','admin','1',NULL,NULL,'2024-01-15','1705286400000'),('550e8400-e29b-41d4-a716-446655440001','李四','EMP002','lisi','e10adc3949ba59abbe56e057f20f883e','user','1',NULL,NULL,'2024-02-20','1708464000000'),('550e8400-e29b-41d4-a716-446655440002','王五','EMP003','wangwu','e10adc3949ba59abbe56e057f20f883e','admin','1',NULL,NULL,'2024-03-10','1710009600000'),('550e8400-e29b-41d4-a716-446655440003','赵六','EMP004','zhaoliu','e10adc3949ba59abbe56e057f20f883e','user','1',NULL,NULL,'2024-04-05','1712182400000'),('550e8400-e29b-41d4-a716-446655440004','钱七','EMP005','qianqi','e10adc3949ba59abbe56e057f20f883e','user','1',NULL,NULL,'2024-05-12','1715443200000'),('550e8400-e29b-41d4-a716-446655440005','孙八','EMP006','sunba','e10adc3949ba59abbe56e057f20f883e','user','1',NULL,NULL,'2024-06-18','1718704000000'),('550e8400-e29b-41d4-a716-446655440006','周九','EMP007','zhoujiu','e10adc3949ba59abbe56e057f20f883e','admin','1',NULL,NULL,'2024-07-25','1721964800000'),('550e8400-e29b-41d4-a716-446655440007','吴十','EMP008','wush','e10adc3949ba59abbe56e057f20f883e','user','1',NULL,NULL,'2024-08-30','1724556800000'),('550e8400-e29b-41d4-a716-446655440008','郑十一','EMP009','zhengshi','e10adc3949ba59abbe56e057f20f883e','user','1',NULL,NULL,'2024-09-15','1726976000000'),('550e8400-e29b-41d4-a716-446655440009','王十二','EMP010','wangshi','e10adc3949ba59abbe56e057f20f883e','user','1',NULL,NULL,'2024-10-20','1729568000000'),('550e8400-e29b-41d4-a716-446655440010','李十三','EMP011','lisan','e10adc3949ba59abbe56e057f20f883e','admin','1',NULL,NULL,'2024-11-25','1732160000000'),('550e8400-e29b-41d4-a716-446655440011','张十四','EMP012','zhangsi','e10adc3949ba59abbe56e057f20f883e','user','1',NULL,NULL,'2024-12-01','1733456000000'),('550e8400-e29b-41d4-a716-446655440012','刘十五','EMP013','lius','e10adc3949ba59abbe56e057f20f883e','user','1',NULL,NULL,'2025-01-05','1735875200000'),('550e8400-e29b-41d4-a716-446655440013','陈十六','EMP014','chens','e10adc3949ba59abbe56e057f20f883e','admin','1',NULL,NULL,'2025-02-10','1738467200000'),('550e8400-e29b-41d4-a716-446655440014','杨十七','EMP015','yangsh','e10adc3949ba59abbe56e057f20f883e','user','1',NULL,NULL,'2025-03-15','1741059200000'),('550e8400-e29b-41d4-a716-446655440015','黄十八','EMP016','huangsh','e10adc3949ba59abbe56e057f20f883e','user','1',NULL,NULL,'2025-04-20','1743651200000'),('c55d925f995d4b96a3c988ec7388751d','测试普通用户','qqq','qqq','qqq','user','1',NULL,'2025-07-11 16:37:15','2025-05-14 15:37:37','1747208257'),('ef5c701a1d214ed78bb36bbf689cd7ee','eee','eee','eee','eee','admin','0',NULL,'2025-06-19 19:46:06','2025-05-15 09:29:12','1747272552');
SET FOREIGN_KEY_CHECKS = 1;
